train_size,train_size_pct,run,seed,model,class,precision,recall,f1-score,support
42000,10,1,2305,SingleView,Benign,0.7195566162155372,0.7638333333333334,0.7410341816770688,30000.0
42000,10,1,2305,SingleView,DDoS,0.996628524724152,0.9755,0.9859510814635133,30000.0
42000,10,1,2305,SingleView,DoS,0.9995327102803738,0.9982,0.9988659106070714,30000.0
42000,10,1,2305,SingleView,Mirai,0.8051725275450287,0.8136,0.8093643266903207,30000.0
42000,10,1,2305,SingleView,Recon,0.8407547434012462,0.8005666666666666,0.8201686985623058,30000.0
42000,10,1,2305,SingleView,Spoofing,0.7277128547579299,0.7265,0.7271059216013345,30000.0
42000,10,1,2305,MultiViewStacking,Benign,0.7208703294039214,0.7929333333333334,0.7551865902633376,30000.0
42000,10,1,2305,MultiViewStacking,DDoS,0.9998632104507216,0.9746,0.9870699841328787,30000.0
42000,10,1,2305,MultiViewStacking,DoS,0.9999332175771337,0.9982,0.9990658570761326,30000.0
42000,10,1,2305,MultiViewStacking,Mirai,0.803904141154783,0.8140333333333334,0.8089370300440558,30000.0
42000,10,1,2305,MultiViewStacking,Recon,0.889678788104366,0.7967666666666666,0.8406633020908435,30000.0
42000,10,1,2305,MultiViewStacking,Spoofing,0.7435058561800694,0.7575333333333333,0.7504540501271341,30000.0
42000,10,2,8986,SingleView,Benign,0.7226324733508419,0.7796,0.7500360779283252,30000.0
42000,10,2,8986,SingleView,DDoS,0.9955089820359282,0.9753333333333334,0.9853178879310345,30000.0
42000,10,2,8986,SingleView,DoS,0.9997663005375088,0.9982,0.9989825363201175,30000.0
42000,10,2,8986,SingleView,Mirai,0.804416403785489,0.816,0.8101667990468626,30000.0
42000,10,2,8986,SingleView,Recon,0.8506254859000636,0.8023666666666667,0.8257916223541116,30000.0
42000,10,2,8986,SingleView,Spoofing,0.7395805142083897,0.7287333333333333,0.7341168569509738,30000.0
42000,10,2,8986,MultiViewStacking,Benign,0.7293177853273345,0.7943,0.760423148724331,30000.0
42000,10,2,8986,MultiViewStacking,DDoS,0.9996242014280345,0.9753333333333334,0.9873293853655245,30000.0
42000,10,2,8986,MultiViewStacking,DoS,0.9997662771285476,0.9981,0.9989324437030859,30000.0
42000,10,2,8986,MultiViewStacking,Mirai,0.8087707159566406,0.8182333333333334,0.8134745074646651,30000.0
42000,10,2,8986,MultiViewStacking,Recon,0.8709422579718472,0.8084666666666667,0.8385423869450975,30000.0
42000,10,2,8986,MultiViewStacking,Spoofing,0.7587521316079847,0.7564,0.7575742400721118,30000.0
42000,10,3,2125,SingleView,Benign,0.7246019711902957,0.7646,0.7440638380692877,30000.0
42000,10,3,2125,SingleView,DDoS,0.995004587623611,0.976,0.9854106719168055,30000.0
42000,10,3,2125,SingleView,DoS,0.9996328192803258,0.9982333333333333,0.9989325861436339,30000.0
42000,10,3,2125,SingleView,Mirai,0.798194042940202,0.8191333333333334,0.8085281392402981,30000.0
42000,10,3,2125,SingleView,Recon,0.8445777637441673,0.8024333333333333,0.8229663436063108,30000.0
42000,10,3,2125,SingleView,Spoofing,0.7338636287033604,0.7257666666666667,0.7297926896713537,30000.0
42000,10,3,2125,MultiViewStacking,Benign,0.7274715795311008,0.7871,0.7561120094782177,30000.0
42000,10,3,2125,MultiViewStacking,DDoS,0.9986357435197817,0.976,0.9871881321645314,30000.0
42000,10,3,2125,MultiViewStacking,DoS,0.999966604328079,0.9981,0.9990324302682504,30000.0
42000,10,3,2125,MultiViewStacking,Mirai,0.7965262922639762,0.8316,0.8136853606431728,30000.0
42000,10,3,2125,MultiViewStacking,Recon,0.8885171554960782,0.7967333333333333,0.840125832586422,30000.0
42000,10,3,2125,MultiViewStacking,Spoofing,0.7556479787057062,0.7570333333333333,0.7563400216468238,30000.0
42000,10,4,6477,SingleView,Benign,0.7237271488768495,0.7614333333333333,0.7421015869921869,30000.0
42000,10,4,6477,SingleView,DDoS,0.9948653427638737,0.9752333333333333,0.9849515216805818,30000.0
42000,10,4,6477,SingleView,DoS,0.999532679084051,0.9981333333333333,0.9988325160945996,30000.0
42000,10,4,6477,SingleView,Mirai,0.8033213614946126,0.8126666666666666,0.8079669919965534,30000.0
42000,10,4,6477,SingleView,Recon,0.8502798837950826,0.8,0.824373991000584,30000.0
42000,10,4,6477,SingleView,Spoofing,0.7273412906610703,0.7393666666666666,0.733304681301243,30000.0
42000,10,4,6477,MultiViewStacking,Benign,0.7248090436908036,0.7907666666666666,0.7563526223497529,30000.0
42000,10,4,6477,MultiViewStacking,DDoS,0.9997949348918281,0.9751,0.9872930694071786,30000.0
42000,10,4,6477,MultiViewStacking,DoS,0.9994992990186261,0.9981,0.9987991594115881,30000.0
42000,10,4,6477,MultiViewStacking,Mirai,0.8024618608001047,0.8170666666666667,0.8096984111254253,30000.0
42000,10,4,6477,MultiViewStacking,Recon,0.881268517502469,0.8031,0.8403704285041594,30000.0
42000,10,4,6477,MultiViewStacking,Spoofing,0.7501657385308936,0.7543666666666666,0.7522603377210477,30000.0
42000,10,5,5661,SingleView,Benign,0.715507554001748,0.7640666666666667,0.7389902637178413,30000.0
42000,10,5,5661,SingleView,DDoS,0.9959846190492394,0.9756333333333334,0.9857039419401552,30000.0
42000,10,5,5661,SingleView,DoS,0.9997996594210157,0.9981,0.9989491067407297,30000.0
42000,10,5,5661,SingleView,Mirai,0.8052556865075435,0.8130666666666667,0.8091423263837056,30000.0
42000,10,5,5661,SingleView,Recon,0.8428087809304435,0.8049666666666667,0.8234531908001296,30000.0
42000,10,5,5661,SingleView,Spoofing,0.7315388761622423,0.7238333333333333,0.7276657060518732,30000.0
42000,10,5,5661,MultiViewStacking,Benign,0.7230886384404508,0.7913,0.7556581250994747,30000.0
42000,10,5,5661,MultiViewStacking,DDoS,0.9995216291942869,0.9750666666666666,0.9871427125164512,30000.0
42000,10,5,5661,MultiViewStacking,DoS,0.9998330439428342,0.9981,0.9989657703342897,30000.0
42000,10,5,5661,MultiViewStacking,Mirai,0.8000194030333408,0.8246333333333333,0.8121399143180736,30000.0
42000,10,5,5661,MultiViewStacking,Recon,0.8759271990447588,0.8069333333333333,0.8400159619688742,30000.0
42000,10,5,5661,MultiViewStacking,Spoofing,0.7607837801061369,0.7454666666666667,0.7530473432554381,30000.0
42000,10,6,9651,SingleView,Benign,0.7204549715642772,0.7685333333333333,0.7437179445824328,30000.0
42000,10,6,9651,SingleView,DDoS,0.9965594767679521,0.9751666666666666,0.9857470179931263,30000.0
42000,10,6,9651,SingleView,DoS,0.9997328970652065,0.9981,0.9989157812213307,30000.0
42000,10,6,9651,SingleView,Mirai,0.8054382259767687,0.8136,0.8094985407269832,30000.0
42000,10,6,9651,SingleView,Recon,0.844588473064325,0.8079333333333333,0.8258543732324781,30000.0
42000,10,6,9651,SingleView,Spoofing,0.7356596719323655,0.7280333333333333,0.7318266347233159,30000.0
42000,10,6,9651,MultiViewStacking,Benign,0.7232482429184288,0.7923666666666667,0.7562314091653809,30000.0
42000,10,6,9651,MultiViewStacking,DDoS,0.9999316215939007,0.9749,0.9872571688973654,30000.0
42000,10,6,9651,MultiViewStacking,DoS,0.9997662771285476,0.9981,0.9989324437030859,30000.0
42000,10,6,9651,MultiViewStacking,Mirai,0.802806403525828,0.8257666666666666,0.8141246836899011,30000.0
42000,10,6,9651,MultiViewStacking,Recon,0.8802962640235269,0.8082,0.8427089307126844,30000.0
42000,10,6,9651,MultiViewStacking,Spoofing,0.7607760809941422,0.7489333333333333,0.7548082576050258,30000.0
42000,10,7,7167,SingleView,Benign,0.7203054386785102,0.7703666666666666,0.7444954497865829,30000.0
42000,10,7,7167,SingleView,DDoS,0.995069033530572,0.9753666666666667,0.9851193482139852,30000.0
42000,10,7,7167,SingleView,DoS,0.9992658836091831,0.9982,0.9987326574172892,30000.0
42000,10,7,7167,SingleView,Mirai,0.8050730359257797,0.8157,0.8103516789191337,30000.0
42000,10,7,7167,SingleView,Recon,0.8455369961830724,0.8048666666666666,0.8247007189575969,30000.0
42000,10,7,7167,SingleView,Spoofing,0.7345207516560768,0.7244333333333334,0.7294421695643418,30000.0
42000,10,7,7167,MultiViewStacking,Benign,0.726878612716763,0.7880333333333334,0.7562216109014138,30000.0
42000,10,7,7167,MultiViewStacking,DDoS,0.9992829583091474,0.9755333333333334,0.987265336414391,30000.0
42000,10,7,7167,MultiViewStacking,DoS,0.999966604328079,0.9981,0.9990324302682504,30000.0
42000,10,7,7167,MultiViewStacking,Mirai,0.8048237719671434,0.8197666666666666,0.8122264973496045,30000.0
42000,10,7,7167,MultiViewStacking,Recon,0.8852296143656168,0.8019,0.8415069259829299,30000.0
42000,10,7,7167,MultiViewStacking,Spoofing,0.7523269533298375,0.7651666666666667,0.7586924907456373,30000.0
42000,10,8,1989,SingleView,Benign,0.7215533001323835,0.7630666666666667,0.7417295791076693,30000.0
42000,10,8,1989,SingleView,DDoS,0.9973069711948185,0.9752,0.9861296031010365,30000.0
42000,10,8,1989,SingleView,DoS,0.9997996794871795,0.9982,0.9989991993594876,30000.0
42000,10,8,1989,SingleView,Mirai,0.8043728423475259,0.8155,0.8098982040883886,30000.0
42000,10,8,1989,SingleView,Recon,0.8490957708817114,0.8044333333333333,0.8261613775632467,30000.0
42000,10,8,1989,SingleView,Spoofing,0.7295854063018242,0.7332333333333333,0.731404821280133,30000.0
42000,10,8,1989,MultiViewStacking,Benign,0.7224274245245581,0.7888666666666667,0.7541866505202441,30000.0
42000,10,8,1989,MultiViewStacking,DDoS,0.9997266732720625,0.9753666666666667,0.9873964467090722,30000.0
42000,10,8,1989,MultiViewStacking,DoS,0.9998998196754157,0.9981,0.9989990991892703,30000.0
42000,10,8,1989,MultiViewStacking,Mirai,0.7939043952518448,0.8248666666666666,0.8090894229197318,30000.0
42000,10,8,1989,MultiViewStacking,Recon,0.8865237706741823,0.7968666666666666,0.839307657199031,30000.0
42000,10,8,1989,MultiViewStacking,Spoofing,0.7566744730679157,0.7539,0.7552846885957589,30000.0
42000,10,9,8140,SingleView,Benign,0.7230024672613399,0.7619,0.7419417664816438,30000.0
42000,10,9,8140,SingleView,DDoS,0.9944301046053525,0.976,0.9851288607765292,30000.0
42000,10,9,8140,SingleView,DoS,0.9995994124716251,0.9981333333333333,0.9988658349456268,30000.0
42000,10,9,8140,SingleView,Mirai,0.8112529928172386,0.8132,0.8122253296044746,30000.0
42000,10,9,8140,SingleView,Recon,0.8407539586292921,0.8088333333333333,0.8244848031803741,30000.0
42000,10,9,8140,SingleView,Spoofing,0.7321731607493428,0.7334666666666667,0.7328193429137595,30000.0
42000,10,9,8140,MultiViewStacking,Benign,0.7254830588163922,0.7972333333333333,0.7596677624787587,30000.0
42000,10,9,8140,MultiViewStacking,DDoS,0.9994875824138284,0.9752666666666666,0.9872285863715351,30000.0
42000,10,9,8140,MultiViewStacking,DoS,0.9999666054433127,0.9981333333333333,0.9990491283676703,30000.0
42000,10,9,8140,MultiViewStacking,Mirai,0.8040140524364062,0.8239,0.8138355668236147,30000.0
42000,10,9,8140,MultiViewStacking,Recon,0.8808992055065353,0.802,0.8396000907298519,30000.0
42000,10,9,8140,MultiViewStacking,Spoofing,0.7577284946236559,0.7516666666666667,0.7546854082998661,30000.0
42000,10,10,28,SingleView,Benign,0.7198728840224026,0.7626333333333334,0.740636431323039,30000.0
42000,10,10,28,SingleView,DDoS,0.9955764257520077,0.9752666666666666,0.9853168990368425,30000.0
42000,10,10,28,SingleView,DoS,0.9998330272165638,0.998,0.9989156726999749,30000.0
42000,10,10,28,SingleView,Mirai,0.7986038622129437,0.8160666666666667,0.8072408335531522,30000.0
42000,10,10,28,SingleView,Recon,0.8479733323876734,0.7970666666666667,0.8217323321706559,30000.0
42000,10,10,28,SingleView,Spoofing,0.731102231102231,0.7318333333333333,0.7314675995335665,30000.0
42000,10,10,28,MultiViewStacking,Benign,0.7250276446737929,0.7868,0.7546518319585651,30000.0
42000,10,10,28,MultiViewStacking,DDoS,0.9994192997438087,0.9752666666666666,0.9871952762547448,30000.0
42000,10,10,28,MultiViewStacking,DoS,0.999966603212771,0.9980666666666667,0.9990157316116978,30000.0
42000,10,10,28,MultiViewStacking,Mirai,0.7977938797955619,0.8221,0.8097645861378336,30000.0
42000,10,10,28,MultiViewStacking,Recon,0.8819878057738926,0.8004333333333333,0.8392339146541782,30000.0
42000,10,10,28,MultiViewStacking,Spoofing,0.7530412816592436,0.7552,0.7541190959624539,30000.0
42000,10,11,4534,SingleView,Benign,0.720635315326516,0.7728333333333334,0.7458221414440352,30000.0
42000,10,11,4534,SingleView,DDoS,0.9948993471164309,0.9752666666666666,0.9849851871801778,30000.0
42000,10,11,4534,SingleView,DoS,0.9996661324786325,0.9980666666666667,0.9988657592740859,30000.0
42000,10,11,4534,SingleView,Mirai,0.8074775672981057,0.8099,0.8086869695456815,30000.0
42000,10,11,4534,SingleView,Recon,0.8418484700634279,0.8052,0.8231165025385899,30000.0
42000,10,11,4534,SingleView,Spoofing,0.732978472526362,0.7252333333333333,0.729085334182263,30000.0
42000,10,11,4534,MultiViewStacking,Benign,0.7172639405204461,0.8039333333333334,0.7581296660117878,30000.0
42000,10,11,4534,MultiViewStacking,DDoS,0.9998633179566034,0.9753666666666667,0.9874630895132034,30000.0
42000,10,11,4534,MultiViewStacking,DoS,0.9999332086561582,0.9980666666666667,0.9989990657947417,30000.0
42000,10,11,4534,MultiViewStacking,Mirai,0.8052666012430487,0.8205666666666667,0.8128446425623246,30000.0
42000,10,11,4534,MultiViewStacking,Recon,0.8854274707364054,0.7967666666666666,0.8387606147799845,30000.0
42000,10,11,4534,MultiViewStacking,Spoofing,0.7616216216216216,0.7514666666666666,0.756510067114094,30000.0
42000,10,12,9243,SingleView,Benign,0.7266704885661507,0.7605333333333333,0.7432163914134011,30000.0
42000,10,12,9243,SingleView,DDoS,0.9953733628168056,0.9753,0.9852344473440525,30000.0
42000,10,12,9243,SingleView,DoS,0.9994993157314997,0.9981333333333333,0.9988158575026268,30000.0
42000,10,12,9243,SingleView,Mirai,0.8040270217091887,0.8172666666666667,0.8105927860614276,30000.0
42000,10,12,9243,SingleView,Recon,0.8445272765275552,0.8081,0.8259121725206964,30000.0
42000,10,12,9243,SingleView,Spoofing,0.7318623535676251,0.7330333333333333,0.732447375432987,30000.0
42000,10,12,9243,MultiViewStacking,Benign,0.7236418760054448,0.7797,0.7506257621462037,30000.0
42000,10,12,9243,MultiViewStacking,DDoS,0.9998291124098568,0.9751333333333333,0.9873268195548356,30000.0
42000,10,12,9243,MultiViewStacking,DoS,0.9998664262338877,0.9980666666666667,0.9989657358289127,30000.0
42000,10,12,9243,MultiViewStacking,Mirai,0.8002739994128584,0.8178,0.8089420841782482,30000.0
42000,10,12,9243,MultiViewStacking,Recon,0.8754769961840305,0.8106333333333333,0.8418083007373048,30000.0
42000,10,12,9243,MultiViewStacking,Spoofing,0.7560261020109202,0.7569333333333333,0.7564794456659337,30000.0
42000,10,13,4857,SingleView,Benign,0.7236258377119844,0.7666333333333334,0.744509007332114,30000.0
42000,10,13,4857,SingleView,DDoS,0.9973074301295161,0.9753666666666667,0.9862150320188743,30000.0
42000,10,13,4857,SingleView,DoS,0.9997328970652065,0.9981,0.9989157812213307,30000.0
42000,10,13,4857,SingleView,Mirai,0.807558313149076,0.8113,0.8094248324714411,30000.0
42000,10,13,4857,SingleView,Recon,0.8451183172655565,0.8035666666666667,0.8238188808201623,30000.0
42000,10,13,4857,SingleView,Spoofing,0.7289670213469037,0.7353333333333333,0.7321363379907736,30000.0
42000,10,13,4857,MultiViewStacking,Benign,0.7268301644162763,0.7913,0.7576961746540911,30000.0
42000,10,13,4857,MultiViewStacking,DDoS,0.9996242271034742,0.9754,0.9873635550756669,30000.0
42000,10,13,4857,MultiViewStacking,DoS,0.9997663005375088,0.9982,0.9989825363201175,30000.0
42000,10,13,4857,MultiViewStacking,Mirai,0.806362013094372,0.8128666666666666,0.8096012748580724,30000.0
42000,10,13,4857,MultiViewStacking,Recon,0.8880924082602882,0.7970333333333334,0.8401025929309255,30000.0
42000,10,13,4857,MultiViewStacking,Spoofing,0.7436585129414806,0.7671333333333333,0.7552135461958751,30000.0
42000,10,14,6919,SingleView,Benign,0.72912,0.7595,0.744,30000.0
42000,10,14,6919,SingleView,DDoS,0.9960845732184808,0.9752,0.9855316568695154,30000.0
42000,10,14,6919,SingleView,DoS,0.9996661436250125,0.9981,0.9988824579253749,30000.0
42000,10,14,6919,SingleView,Mirai,0.8004907574022575,0.8155666666666667,0.8079583918104516,30000.0
42000,10,14,6919,SingleView,Recon,0.8460295718751097,0.8029666666666667,0.8239358336326168,30000.0
42000,10,14,6919,SingleView,Spoofing,0.7250888508621824,0.7344666666666667,0.7297476319798636,30000.0
42000,10,14,6919,MultiViewStacking,Benign,0.7316754740441405,0.7846,0.7572140903972977,30000.0
42000,10,14,6919,MultiViewStacking,DDoS,0.9999316239316239,0.9749333333333333,0.9872742616033755,30000.0
42000,10,14,6919,MultiViewStacking,DoS,0.9998998297105078,0.9982,0.9990491918130411,30000.0
42000,10,14,6919,MultiViewStacking,Mirai,0.7957694170838043,0.8213666666666667,0.8083654555892725,30000.0
42000,10,14,6919,MultiViewStacking,Recon,0.8824480199838366,0.8007333333333333,0.839607144105414,30000.0
42000,10,14,6919,MultiViewStacking,Spoofing,0.7460911838129024,0.7571333333333333,0.7515717027331084,30000.0
42000,10,15,2656,SingleView,Benign,0.7226166808671779,0.7633,0.7424014005738462,30000.0
42000,10,15,2656,SingleView,DDoS,0.9966281802390927,0.9754,0.9858998332238338,30000.0
42000,10,15,2656,SingleView,DoS,0.9997996794871795,0.9982,0.9989991993594876,30000.0
42000,10,15,2656,SingleView,Mirai,0.802695877472041,0.8158333333333333,0.8092112876295647,30000.0
42000,10,15,2656,SingleView,Recon,0.8477480647431387,0.8031,0.8248202670318384,30000.0
42000,10,15,2656,SingleView,Spoofing,0.7293515471798451,0.7314666666666667,0.7304075756819278,30000.0
42000,10,15,2656,MultiViewStacking,Benign,0.7235383217206907,0.7961333333333334,0.7581018885891129,30000.0
42000,10,15,2656,MultiViewStacking,DDoS,0.999317126468178,0.9756,0.9873161516664418,30000.0
42000,10,15,2656,MultiViewStacking,DoS,0.9999666076735566,0.9982,0.9990825228952241,30000.0
42000,10,15,2656,MultiViewStacking,Mirai,0.7981344483756835,0.8271333333333334,0.8123751841545261,30000.0
42000,10,15,2656,MultiViewStacking,Recon,0.8945673742933093,0.7964333333333333,0.8426528417006119,30000.0
42000,10,15,2656,MultiViewStacking,Spoofing,0.7551074909867806,0.754,0.7545533391153513,30000.0
84000,20,1,2305,SingleView,Benign,0.7414148351648352,0.7916333333333333,0.7657015733814805,30000.0
84000,20,1,2305,SingleView,DDoS,0.9970708446866485,0.9758,0.9863207547169811,30000.0
84000,20,1,2305,SingleView,DoS,0.9997996661101837,0.9981333333333333,0.9989658048373645,30000.0
84000,20,1,2305,SingleView,Mirai,0.8186227917800137,0.8325666666666667,0.8255358529854077,30000.0
84000,20,1,2305,SingleView,Recon,0.8684079954635667,0.8167666666666666,0.8417960698089872,30000.0
84000,20,1,2305,SingleView,Spoofing,0.7545688416691725,0.7528333333333334,0.7537000884350337,30000.0
84000,20,1,2305,MultiViewStacking,Benign,0.7468708675462066,0.8095333333333333,0.7769406721371787,30000.0
84000,20,1,2305,MultiViewStacking,DDoS,0.9997268226054294,0.9759,0.987669730960614,30000.0
84000,20,1,2305,MultiViewStacking,DoS,1.0,0.9981,0.9990490966418097,30000.0
84000,20,1,2305,MultiViewStacking,Mirai,0.8220672037728434,0.8367,0.8293190603627714,30000.0
84000,20,1,2305,MultiViewStacking,Recon,0.893109829106346,0.8205,0.8552665867514463,30000.0
84000,20,1,2305,MultiViewStacking,Spoofing,0.7770557029177719,0.7812,0.779122340425532,30000.0
84000,20,2,8986,SingleView,Benign,0.7442952389895765,0.7926,0.767688507918059,30000.0
84000,20,2,8986,SingleView,DDoS,0.9965612338701441,0.9756666666666667,0.9860032675885534,30000.0
84000,20,2,8986,SingleView,DoS,0.9998998297105078,0.9982,0.9990491918130411,30000.0
84000,20,2,8986,SingleView,Mirai,0.8224542221051245,0.8324333333333334,0.8274136902789743,30000.0
84000,20,2,8986,SingleView,Recon,0.8667578563411896,0.8237666666666666,0.8447156138911677,30000.0
84000,20,2,8986,SingleView,Spoofing,0.7596543524131695,0.7560333333333333,0.7578395175167483,30000.0
84000,20,2,8986,MultiViewStacking,Benign,0.7414176490298212,0.8113333333333334,0.7748014451925066,30000.0
84000,20,2,8986,MultiViewStacking,DDoS,0.999624599003481,0.9763666666666667,0.9878587568716064,30000.0
84000,20,2,8986,MultiViewStacking,DoS,0.9999666076735566,0.9982,0.9990825228952241,30000.0
84000,20,2,8986,MultiViewStacking,Mirai,0.8172147314644163,0.8424666666666667,0.8296485958606201,30000.0
84000,20,2,8986,MultiViewStacking,Recon,0.8949710076218956,0.8180333333333333,0.8547743856777137,30000.0
84000,20,2,8986,MultiViewStacking,Spoofing,0.786501656860756,0.7753333333333333,0.7808775640380031,30000.0
84000,20,3,2125,SingleView,Benign,0.7424327881180673,0.7898,0.7653842426591724,30000.0
84000,20,3,2125,SingleView,DDoS,0.9961552856316559,0.9759333333333333,0.9859406307352966,30000.0
84000,20,3,2125,SingleView,DoS,0.9996327702477131,0.9981,0.9988657971111186,30000.0
84000,20,3,2125,SingleView,Mirai,0.8151318153604913,0.8317333333333333,0.8233488970648892,30000.0
84000,20,3,2125,SingleView,Recon,0.8694188518781006,0.8178333333333333,0.8428375128821711,30000.0
84000,20,3,2125,SingleView,Spoofing,0.7534269475091943,0.7511666666666666,0.7522951093306627,30000.0
84000,20,3,2125,MultiViewStacking,Benign,0.7399199660462015,0.8135666666666667,0.7749976185184009,30000.0
84000,20,3,2125,MultiViewStacking,DDoS,0.9995908207453882,0.9771666666666666,0.9882515549412578,30000.0
84000,20,3,2125,MultiViewStacking,DoS,0.9999332198070052,0.9982333333333333,0.9990825535038116,30000.0
84000,20,3,2125,MultiViewStacking,Mirai,0.8187003727110679,0.8420333333333333,0.830202941418125,30000.0
84000,20,3,2125,MultiViewStacking,Recon,0.8999000111098767,0.81,0.852586705962844,30000.0
84000,20,3,2125,MultiViewStacking,Spoofing,0.7795180722891566,0.7764,0.7779559118236473,30000.0
84000,20,4,6477,SingleView,Benign,0.7427175283732661,0.7853,0.7634154244977317,30000.0
84000,20,4,6477,SingleView,DDoS,0.9973077054152609,0.9754666666666667,0.9862662824595992,30000.0
84000,20,4,6477,SingleView,DoS,0.9995327258769734,0.9982333333333333,0.9988826070279014,30000.0
84000,20,4,6477,SingleView,Mirai,0.820554272517321,0.8290333333333333,0.8247720112750787,30000.0
84000,20,4,6477,SingleView,Recon,0.8664101930610948,0.8182666666666667,0.8416505237172783,30000.0
84000,20,4,6477,SingleView,Spoofing,0.7505357201727492,0.7588666666666667,0.7546782026420036,30000.0
84000,20,4,6477,MultiViewStacking,Benign,0.7442081684003805,0.8084333333333333,0.7749924108070109,30000.0
84000,20,4,6477,MultiViewStacking,DDoS,0.9998292116409345,0.9757,0.987617248127404,30000.0
84000,20,4,6477,MultiViewStacking,DoS,0.9996995292625113,0.9981333333333333,0.998915817390289,30000.0
84000,20,4,6477,MultiViewStacking,Mirai,0.8263447270800212,0.8316333333333333,0.8289805954279639,30000.0
84000,20,4,6477,MultiViewStacking,Recon,0.8962367555717939,0.8176666666666667,0.8551507756667248,30000.0
84000,20,4,6477,MultiViewStacking,Spoofing,0.7725669497060744,0.7885333333333333,0.7804684922467833,30000.0
84000,20,5,5661,SingleView,Benign,0.7397488749724643,0.7835666666666666,0.7610275668938278,30000.0
84000,20,5,5661,SingleView,DDoS,0.9967648561212328,0.9756666666666667,0.9861029225974901,30000.0
84000,20,5,5661,SingleView,DoS,0.9998664440734557,0.9982,0.9990325271059216,30000.0
84000,20,5,5661,SingleView,Mirai,0.8239644479819587,0.8281666666666667,0.8260602131232025,30000.0
84000,20,5,5661,SingleView,Recon,0.8614019829535572,0.8253666666666667,0.8429994042046132,30000.0
84000,20,5,5661,SingleView,Spoofing,0.7509496834388537,0.7512,0.7510748208631894,30000.0
84000,20,5,5661,MultiViewStacking,Benign,0.73871913440324,0.8147333333333333,0.7748664542615753,30000.0
84000,20,5,5661,MultiViewStacking,DDoS,0.9992836431860822,0.9764666666666667,0.9877434038607434,30000.0
84000,20,5,5661,MultiViewStacking,DoS,1.0,0.9982,0.9990991892703434,30000.0
84000,20,5,5661,MultiViewStacking,Mirai,0.8304373876572798,0.8316,0.8310182871989608,30000.0
84000,20,5,5661,MultiViewStacking,Recon,0.8930424999092658,0.8202,0.8550727155838966,30000.0
84000,20,5,5661,MultiViewStacking,Spoofing,0.7794191037029644,0.7809,0.7801588490933613,30000.0
84000,20,6,9651,SingleView,Benign,0.736832298136646,0.7908666666666667,0.7628938906752412,30000.0
84000,20,6,9651,SingleView,DDoS,0.9971040168989131,0.9755333333333334,0.9862007379825108,30000.0
84000,20,6,9651,SingleView,DoS,0.9997996794871795,0.9982,0.9989991993594876,30000.0
84000,20,6,9651,SingleView,Mirai,0.8177093612262352,0.8286666666666667,0.8231515512731367,30000.0
84000,20,6,9651,SingleView,Recon,0.8649266593970946,0.8196333333333333,0.8416710879871296,30000.0
84000,20,6,9651,SingleView,Spoofing,0.7556124856738353,0.7472,0.7513826970133745,30000.0
84000,20,6,9651,MultiViewStacking,Benign,0.7361605795351644,0.8129666666666666,0.7726595913194995,30000.0
84000,20,6,9651,MultiViewStacking,DDoS,0.9993859170305677,0.9764666666666667,0.9877933639061236,30000.0
84000,20,6,9651,MultiViewStacking,DoS,0.9998998297105078,0.9982,0.9990491918130411,30000.0
84000,20,6,9651,MultiViewStacking,Mirai,0.8207238991245264,0.8374666666666667,0.8290107569458193,30000.0
84000,20,6,9651,MultiViewStacking,Recon,0.8895332084714018,0.8232333333333334,0.8551000623225539,30000.0
84000,20,6,9651,MultiViewStacking,Spoofing,0.7882872096603154,0.7681333333333333,0.7780797866054395,30000.0
84000,20,7,7167,SingleView,Benign,0.7394150068896405,0.7870333333333334,0.7624814312471743,30000.0
84000,20,7,7167,SingleView,DDoS,0.9958819725691727,0.9754,0.9855345806038766,30000.0
84000,20,7,7167,SingleView,DoS,0.999732932732432,0.9982333333333333,0.9989825702610291,30000.0
84000,20,7,7167,SingleView,Mirai,0.8222200171991797,0.8286333333333333,0.8254142178835874,30000.0
84000,20,7,7167,SingleView,Recon,0.8624855955581939,0.8233,0.8424373688967717,30000.0
84000,20,7,7167,SingleView,Spoofing,0.7546468401486989,0.7511,0.7528692427203929,30000.0
84000,20,7,7167,MultiViewStacking,Benign,0.7370852329337882,0.8137666666666666,0.7735302038941081,30000.0
84000,20,7,7167,MultiViewStacking,DDoS,0.9992496589358799,0.9766,0.9877950101146326,30000.0
84000,20,7,7167,MultiViewStacking,DoS,0.9999666076735566,0.9982,0.9990825228952241,30000.0
84000,20,7,7167,MultiViewStacking,Mirai,0.8209295508582223,0.8401666666666666,0.830436716472003,30000.0
84000,20,7,7167,MultiViewStacking,Recon,0.899075500770416,0.8169,0.8560201194592896,30000.0
84000,20,7,7167,MultiViewStacking,Spoofing,0.7831439074567468,0.7740333333333334,0.7785619687851,30000.0
84000,20,8,1989,SingleView,Benign,0.7399460442938703,0.7862666666666667,0.7624034390251786,30000.0
84000,20,8,1989,SingleView,DDoS,0.9967302452316076,0.9754666666666667,0.9859838274932614,30000.0
84000,20,8,1989,SingleView,DoS,0.999732905982906,0.9981333333333333,0.9989324793167867,30000.0
84000,20,8,1989,SingleView,Mirai,0.817054772056412,0.8304,0.8236733344354439,30000.0
84000,20,8,1989,SingleView,Recon,0.8672371551326208,0.8141333333333334,0.8398466378969448,30000.0
84000,20,8,1989,SingleView,Spoofing,0.751202042643499,0.7551333333333333,0.7531625579733032,30000.0
84000,20,8,1989,MultiViewStacking,Benign,0.7420843520782396,0.8093666666666667,0.774266581632653,30000.0
84000,20,8,1989,MultiViewStacking,DDoS,0.9997609779416786,0.9759666666666666,0.987720541105826,30000.0
84000,20,8,1989,MultiViewStacking,DoS,0.9999666065584719,0.9981666666666666,0.9990658259099856,30000.0
84000,20,8,1989,MultiViewStacking,Mirai,0.8198587127158555,0.8356,0.8276545166402536,30000.0
84000,20,8,1989,MultiViewStacking,Recon,0.8980280038120373,0.8166666666666667,0.8554170594602144,30000.0
84000,20,8,1989,MultiViewStacking,Spoofing,0.7761510433918516,0.7810666666666667,0.7786010965276624,30000.0
84000,20,9,8140,SingleView,Benign,0.7399308475843379,0.7918,0.7649871986860538,30000.0
84000,20,9,8140,SingleView,DDoS,0.996663829787234,0.9759,0.9861726315789474,30000.0
84000,20,9,8140,SingleView,DoS,0.9995994124716251,0.9981333333333333,0.9988658349456268,30000.0
84000,20,9,8140,SingleView,Mirai,0.8228688443372857,0.8304666666666667,0.8266502977918609,30000.0
84000,20,9,8140,SingleView,Recon,0.8642248962071635,0.8187666666666666,0.8408818595734484,30000.0
84000,20,9,8140,SingleView,Spoofing,0.756219238624569,0.7528666666666667,0.7545392286234487,30000.0
84000,20,9,8140,MultiViewStacking,Benign,0.7363965049713769,0.8147,0.7735717676847602,30000.0
84000,20,9,8140,MultiViewStacking,DDoS,0.9996247142710928,0.9766666666666667,0.9880123417241321,30000.0
84000,20,9,8140,MultiViewStacking,DoS,0.9997662771285476,0.9981,0.9989324437030859,30000.0
84000,20,9,8140,MultiViewStacking,Mirai,0.8235428870635206,0.8388333333333333,0.8311177898508842,30000.0
84000,20,9,8140,MultiViewStacking,Recon,0.8941802800466745,0.8174,0.8540679855112845,30000.0
84000,20,9,8140,MultiViewStacking,Spoofing,0.7845982142857143,0.7733,0.7789081385979049,30000.0
84000,20,10,28,SingleView,Benign,0.7421244959677419,0.7852666666666667,0.7630862917854366,30000.0
84000,20,10,28,SingleView,DDoS,0.9965256488861639,0.9752,0.9857474982310724,30000.0
84000,20,10,28,SingleView,DoS,0.9998998263657005,0.9981666666666666,0.9990324948288517,30000.0
84000,20,10,28,SingleView,Mirai,0.8156607922286765,0.8284666666666667,0.8220138578822906,30000.0
84000,20,10,28,SingleView,Recon,0.8690192451353562,0.8143,0.840770250038719,30000.0
84000,20,10,28,SingleView,Spoofing,0.7495060590094836,0.7587,0.754075006626027,30000.0
84000,20,10,28,MultiViewStacking,Benign,0.7418006332032091,0.8044333333333333,0.7718484640110022,30000.0
84000,20,10,28,MultiViewStacking,DDoS,0.9996926229508196,0.9757,0.9875506072874494,30000.0
84000,20,10,28,MultiViewStacking,DoS,0.9999666054433127,0.9981333333333333,0.9990491283676703,30000.0
84000,20,10,28,MultiViewStacking,Mirai,0.818675600078059,0.8390333333333333,0.8287294636683897,30000.0
84000,20,10,28,MultiViewStacking,Recon,0.8929534358376449,0.8169333333333333,0.853253490234307,30000.0
84000,20,10,28,MultiViewStacking,Spoofing,0.7784026622296173,0.7797,0.7790507910074937,30000.0
84000,20,11,4534,SingleView,Benign,0.740081698335087,0.7971666666666667,0.7675642712713034,30000.0
84000,20,11,4534,SingleView,DDoS,0.996189179993195,0.9759333333333333,0.9859572318572151,30000.0
84000,20,11,4534,SingleView,DoS,0.9999332086561582,0.9980666666666667,0.9989990657947417,30000.0
84000,20,11,4534,SingleView,Mirai,0.8220771474019088,0.8269,0.8244815208721085,30000.0
84000,20,11,4534,SingleView,Recon,0.8701280278043764,0.8178333333333333,0.843170610168909,30000.0
84000,20,11,4534,SingleView,Spoofing,0.7522599152740251,0.7517333333333334,0.7519965321195752,30000.0
84000,20,11,4534,MultiViewStacking,Benign,0.7324072435557129,0.8277666666666667,0.777172722436078,30000.0
84000,20,11,4534,MultiViewStacking,DDoS,0.9996927069106801,0.9759666666666666,0.9876872216974767,30000.0
84000,20,11,4534,MultiViewStacking,DoS,1.0,0.9981,0.9990490966418097,30000.0
84000,20,11,4534,MultiViewStacking,Mirai,0.8267077453123964,0.8318333333333333,0.8292626192137706,30000.0
84000,20,11,4534,MultiViewStacking,Recon,0.8996854764107308,0.8104666666666667,0.8527487943884261,30000.0
84000,20,11,4534,MultiViewStacking,Spoofing,0.7861864292459193,0.7770666666666667,0.7815999463555288,30000.0
84000,20,12,9243,SingleView,Benign,0.7423104715825191,0.7875666666666666,0.7642691940675088,30000.0
84000,20,12,9243,SingleView,DDoS,0.9959500391382773,0.9754666666666667,0.9856019399491437,30000.0
84000,20,12,9243,SingleView,DoS,0.9997328970652065,0.9981,0.9989157812213307,30000.0
84000,20,12,9243,SingleView,Mirai,0.8211588563136892,0.83,0.8255557581685261,30000.0
84000,20,12,9243,SingleView,Recon,0.8640067139909781,0.8236,0.8433196238715293,30000.0
84000,20,12,9243,SingleView,Spoofing,0.7537520473309489,0.7516666666666667,0.7527079126124472,30000.0
84000,20,12,9243,MultiViewStacking,Benign,0.7373560264820581,0.8130333333333334,0.773347706843799,30000.0
84000,20,12,9243,MultiViewStacking,DDoS,0.9994199140107828,0.9763,0.9877246821569488,30000.0
84000,20,12,9243,MultiViewStacking,DoS,0.9998664262338877,0.9980666666666667,0.9989657358289127,30000.0
84000,20,12,9243,MultiViewStacking,Mirai,0.8225207765331932,0.8346666666666667,0.828549211653955,30000.0
84000,20,12,9243,MultiViewStacking,Recon,0.8907288375640048,0.8176,0.8525991970384275,30000.0
84000,20,12,9243,MultiViewStacking,Spoofing,0.7841288019131665,0.776,0.7800432240446313,30000.0
84000,20,13,4857,SingleView,Benign,0.737967416602017,0.7927,0.7643551627159502,30000.0
84000,20,13,4857,SingleView,DDoS,0.9975115898554677,0.9754333333333334,0.9863489281380612,30000.0
84000,20,13,4857,SingleView,DoS,0.9998998297105078,0.9982,0.9990491918130411,30000.0
84000,20,13,4857,SingleView,Mirai,0.8234537357743691,0.8321,0.8277542899776175,30000.0
84000,20,13,4857,SingleView,Recon,0.8633126498378226,0.8162333333333334,0.8391131519429785,30000.0
84000,20,13,4857,SingleView,Spoofing,0.7581765120257623,0.7534,0.7557807092340874,30000.0
84000,20,13,4857,MultiViewStacking,Benign,0.739316369856737,0.8067666666666666,0.7715702057796835,30000.0
84000,20,13,4857,MultiViewStacking,DDoS,0.9994542415663267,0.9767,0.9879461199993257,30000.0
84000,20,13,4857,MultiViewStacking,DoS,0.9998998330550918,0.9982333333333333,0.9990658882402002,30000.0
84000,20,13,4857,MultiViewStacking,Mirai,0.8226038599934576,0.8382333333333334,0.8303450553079083,30000.0
84000,20,13,4857,MultiViewStacking,Recon,0.8922544195370876,0.8159666666666666,0.8524070688604509,30000.0
84000,20,13,4857,MultiViewStacking,Spoofing,0.7829682238004735,0.7827333333333333,0.7828507609474754,30000.0
84000,20,14,6919,SingleView,Benign,0.745793685802508,0.789,0.7667886876801969,30000.0
84000,20,14,6919,SingleView,DDoS,0.9963921034717494,0.9758,0.9859885483327719,30000.0
84000,20,14,6919,SingleView,DoS,0.9998664440734557,0.9982,0.9990325271059216,30000.0
84000,20,14,6919,SingleView,Mirai,0.8184380428014288,0.8324333333333334,0.8253763654090857,30000.0
84000,20,14,6919,SingleView,Recon,0.8695451969396429,0.8183,0.8431446627283967,30000.0
84000,20,14,6919,SingleView,Spoofing,0.7531718951866697,0.7578666666666667,0.7555119876385266,30000.0
84000,20,14,6919,MultiViewStacking,Benign,0.7425882208664194,0.8073666666666667,0.7736237762907836,30000.0
84000,20,14,6919,MultiViewStacking,DDoS,0.999829217474468,0.9757333333333333,0.9876343269733624,30000.0
84000,20,14,6919,MultiViewStacking,DoS,0.9998998297105078,0.9982,0.9990491918130411,30000.0
84000,20,14,6919,MultiViewStacking,Mirai,0.8199298427958945,0.8414666666666667,0.8305586628939923,30000.0
84000,20,14,6919,MultiViewStacking,Recon,0.897100333589941,0.8157333333333333,0.8544841914139563,30000.0
84000,20,14,6919,MultiViewStacking,Spoofing,0.7758059155865736,0.7781333333333333,0.7769678815110668,30000.0
84000,20,15,2656,SingleView,Benign,0.7418112356735768,0.7896333333333333,0.7649756192075435,30000.0
84000,20,15,2656,SingleView,DDoS,0.996323279090352,0.9755333333333334,0.9858187085256173,30000.0
84000,20,15,2656,SingleView,DoS,0.9995660736339664,0.9982,0.998882569756,30000.0
84000,20,15,2656,SingleView,Mirai,0.8188029695814992,0.8308666666666666,0.8247907084477681,30000.0
84000,20,15,2656,SingleView,Recon,0.8678625657685652,0.8192333333333334,0.8428470995730379,30000.0
84000,20,15,2656,SingleView,Spoofing,0.7530028026157747,0.7523,0.7526512372440473,30000.0
84000,20,15,2656,MultiViewStacking,Benign,0.7350583856152253,0.8162333333333334,0.7735220254923949,30000.0
84000,20,15,2656,MultiViewStacking,DDoS,0.9996587263668009,0.9764,0.987892482546963,30000.0
84000,20,15,2656,MultiViewStacking,DoS,0.9999332198070052,0.9982333333333333,0.9990825535038116,30000.0
84000,20,15,2656,MultiViewStacking,Mirai,0.8196401896473339,0.8413333333333334,0.8303450998453795,30000.0
84000,20,15,2656,MultiViewStacking,Recon,0.9015052964133061,0.8085,0.8524734206133029,30000.0
84000,20,15,2656,MultiViewStacking,Spoofing,0.7839055721828025,0.7770333333333334,0.7804543247903309,30000.0
126000,30,1,2305,SingleView,Benign,0.7491806319955476,0.8076666666666666,0.7773250777966699,30000.0
126000,30,1,2305,SingleView,DDoS,0.9964940944211852,0.9758666666666667,0.9860725172198925,30000.0
126000,30,1,2305,SingleView,DoS,0.9998330439428342,0.9981,0.9989657703342897,30000.0
126000,30,1,2305,SingleView,Mirai,0.8280525120916,0.8389,0.8334409617008594,30000.0
126000,30,1,2305,SingleView,Recon,0.8766925246826516,0.8287666666666667,0.852056202878684,30000.0
126000,30,1,2305,SingleView,Spoofing,0.7708093853539794,0.7599666666666667,0.765349625700762,30000.0
126000,30,1,2305,MultiViewStacking,Benign,0.7467835902415342,0.8203666666666667,0.7818476396213229,30000.0
126000,30,1,2305,MultiViewStacking,DDoS,0.9994546322176018,0.9774,0.9883042906737672,30000.0
126000,30,1,2305,MultiViewStacking,DoS,1.0,0.9981666666666666,0.9990824922845942,30000.0
126000,30,1,2305,MultiViewStacking,Mirai,0.8296257694687815,0.8490666666666666,0.8392336457835692,30000.0
126000,30,1,2305,MultiViewStacking,Recon,0.899789412533585,0.8260666666666666,0.8613534461784436,30000.0
126000,30,1,2305,MultiViewStacking,Spoofing,0.796923702398699,0.7840666666666667,0.7904429061092816,30000.0
126000,30,2,8986,SingleView,Benign,0.7567780580075663,0.8001666666666667,0.7778677900194426,30000.0
126000,30,2,8986,SingleView,DDoS,0.9965626382602185,0.9760666666666666,0.9862081740565481,30000.0
126000,30,2,8986,SingleView,DoS,0.9998664440734557,0.9982,0.9990325271059216,30000.0
126000,30,2,8986,SingleView,Mirai,0.8262593818622792,0.8403333333333334,0.8332369321280428,30000.0
126000,30,2,8986,SingleView,Recon,0.8791588752072822,0.8306,0.8541898771060795,30000.0
126000,30,2,8986,SingleView,Spoofing,0.7666566975708636,0.7690333333333333,0.767843176409898,30000.0
126000,30,2,8986,MultiViewStacking,Benign,0.7532056209833646,0.8165,0.7835767182226772,30000.0
126000,30,2,8986,MultiViewStacking,DDoS,0.9991482112436116,0.9775,0.9882055602358888,30000.0
126000,30,2,8986,MultiViewStacking,DoS,0.9999666076735566,0.9982,0.9990825228952241,30000.0
126000,30,2,8986,MultiViewStacking,Mirai,0.8334802625134685,0.8509,0.8421000544311941,30000.0
126000,30,2,8986,MultiViewStacking,Recon,0.9004577490372738,0.8262,0.8617320863609498,30000.0
126000,30,2,8986,MultiViewStacking,Spoofing,0.7951979752905525,0.7959666666666667,0.7955821353012711,30000.0
126000,30,3,2125,SingleView,Benign,0.75109375,0.8011666666666667,0.7753225806451612,30000.0
126000,30,3,2125,SingleView,DDoS,0.9964269915268656,0.9760666666666666,0.9861417481940492,30000.0
126000,30,3,2125,SingleView,DoS,0.9997996794871795,0.9982,0.9989991993594876,30000.0
126000,30,3,2125,SingleView,Mirai,0.8275375631520241,0.8408333333333333,0.8341324691643794,30000.0
126000,30,3,2125,SingleView,Recon,0.8783224208104761,0.8272333333333334,0.8520127027722942,30000.0
126000,30,3,2125,SingleView,Spoofing,0.7660072182863253,0.7640666666666667,0.7650357119017422,30000.0
126000,30,3,2125,MultiViewStacking,Benign,0.7517673818159464,0.8152666666666667,0.7822304666261554,30000.0
126000,30,3,2125,MultiViewStacking,DDoS,0.9993187778875302,0.9779666666666667,0.9885274347613673,30000.0
126000,30,3,2125,MultiViewStacking,DoS,0.9999666087885668,0.9982333333333333,0.9990992193234136,30000.0
126000,30,3,2125,MultiViewStacking,Mirai,0.8333878351863964,0.8495,0.8413667877187191,30000.0
126000,30,3,2125,MultiViewStacking,Recon,0.8988751853593259,0.8284333333333334,0.8622179049072838,30000.0
126000,30,3,2125,MultiViewStacking,Spoofing,0.793250918810558,0.7914,0.7923243784415152,30000.0
126000,30,4,6477,SingleView,Benign,0.7509613280395161,0.8007,0.775033474760837,30000.0
126000,30,4,6477,SingleView,DDoS,0.9968666984537838,0.9756666666666667,0.9861527576564132,30000.0
126000,30,4,6477,SingleView,DoS,0.9997663083394538,0.9982333333333333,0.9989992327451046,30000.0
126000,30,4,6477,SingleView,Mirai,0.8317679740723593,0.8383666666666667,0.8350542846708058,30000.0
126000,30,4,6477,SingleView,Recon,0.8775488567692689,0.8277333333333333,0.8519134775374376,30000.0
126000,30,4,6477,SingleView,Spoofing,0.7659306412041642,0.7700666666666667,0.7679930853362588,30000.0
126000,30,4,6477,MultiViewStacking,Benign,0.7540786058583612,0.8135,0.7826630748508755,30000.0
126000,30,4,6477,MultiViewStacking,DDoS,0.9999317219718694,0.9763333333333334,0.9879916346218715,30000.0
126000,30,4,6477,MultiViewStacking,DoS,0.9999666087885668,0.9982333333333333,0.9990992193234136,30000.0
126000,30,4,6477,MultiViewStacking,Mirai,0.8328468828911554,0.8465333333333334,0.8396343378572727,30000.0
126000,30,4,6477,MultiViewStacking,Recon,0.8978568335979218,0.8295,0.862325871508767,30000.0
126000,30,4,6477,MultiViewStacking,Spoofing,0.7888163779110213,0.7937333333333333,0.7912672171731437,30000.0
126000,30,5,5661,SingleView,Benign,0.7550072660643204,0.7966333333333333,0.775261945696954,30000.0
126000,30,5,5661,SingleView,DDoS,0.9966300166797154,0.9759333333333333,0.9861730973272479,30000.0
126000,30,5,5661,SingleView,DoS,0.9997996794871795,0.9982,0.9989991993594876,30000.0
126000,30,5,5661,SingleView,Mirai,0.8300290774517579,0.8373333333333334,0.833665206425063,30000.0
126000,30,5,5661,SingleView,Recon,0.8745441795231417,0.8314,0.8524265208475735,30000.0
126000,30,5,5661,SingleView,Spoofing,0.7625773161776866,0.7685,0.7655272026961965,30000.0
126000,30,5,5661,MultiViewStacking,Benign,0.7534691102388973,0.8126666666666666,0.7819490995397469,30000.0
126000,30,5,5661,MultiViewStacking,DDoS,0.999215926910752,0.9770333333333333,0.9880001348299458,30000.0
126000,30,5,5661,MultiViewStacking,DoS,0.9999332175771337,0.9982,0.9990658570761326,30000.0
126000,30,5,5661,MultiViewStacking,Mirai,0.8383144546085004,0.8461666666666666,0.8422222590866111,30000.0
126000,30,5,5661,MultiViewStacking,Recon,0.8991538657079565,0.8253333333333334,0.8606635730051967,30000.0
126000,30,5,5661,MultiViewStacking,Spoofing,0.7875454277575876,0.8018,0.7946087904464595,30000.0
126000,30,6,9651,SingleView,Benign,0.7502331944530812,0.8043,0.7763263730253209,30000.0
126000,30,6,9651,SingleView,DDoS,0.9973764012402467,0.9757333333333333,0.9864361657315204,30000.0
126000,30,6,9651,SingleView,DoS,0.9999332175771337,0.9982,0.9990658570761326,30000.0
126000,30,6,9651,SingleView,Mirai,0.8267770876466529,0.8386,0.8326465769746314,30000.0
126000,30,6,9651,SingleView,Recon,0.8742218001477261,0.8285,0.8507470349643169,30000.0
126000,30,6,9651,SingleView,Spoofing,0.7689767864964119,0.7608,0.764866540440006,30000.0
126000,30,6,9651,MultiViewStacking,Benign,0.7457601361619355,0.8179,0.7801659724651044,30000.0
126000,30,6,9651,MultiViewStacking,DDoS,0.999556586397435,0.9768333333333333,0.9880643312316666,30000.0
126000,30,6,9651,MultiViewStacking,DoS,0.9998998297105078,0.9982,0.9990491918130411,30000.0
126000,30,6,9651,MultiViewStacking,Mirai,0.826432862477675,0.8483333333333334,0.8372399045974176,30000.0
126000,30,6,9651,MultiViewStacking,Recon,0.8980353777004495,0.8258333333333333,0.8604223102035147,30000.0
126000,30,6,9651,MultiViewStacking,Spoofing,0.795639771801141,0.781,0.7882519176423093,30000.0
126000,30,7,7167,SingleView,Benign,0.7474075462268865,0.7976333333333333,0.771704076367389,30000.0
126000,30,7,7167,SingleView,DDoS,0.9961878829135467,0.9756,0.9857864600875715,30000.0
126000,30,7,7167,SingleView,DoS,0.9998330662393162,0.9982333333333333,0.999032559380838,30000.0
126000,30,7,7167,SingleView,Mirai,0.8289195614846123,0.8367666666666667,0.8328246300842678,30000.0
126000,30,7,7167,SingleView,Recon,0.875215116074878,0.8306666666666667,0.852359208523592,30000.0
126000,30,7,7167,SingleView,Spoofing,0.7663823381836428,0.7637,0.76503881793138,30000.0
126000,30,7,7167,MultiViewStacking,Benign,0.7475857880352262,0.8206,0.7823931352296202,30000.0
126000,30,7,7167,MultiViewStacking,DDoS,0.9993523536830623,0.9772666666666666,0.9881861233294572,30000.0
126000,30,7,7167,MultiViewStacking,DoS,0.9999666076735566,0.9982,0.9990825228952241,30000.0
126000,30,7,7167,MultiViewStacking,Mirai,0.8268349364146924,0.8539,0.8401495523269161,30000.0
126000,30,7,7167,MultiViewStacking,Recon,0.9037191138362713,0.8253666666666667,0.8627676440356103,30000.0
126000,30,7,7167,MultiViewStacking,Spoofing,0.7989117497024315,0.7830666666666667,0.7909098560727211,30000.0
126000,30,8,1989,SingleView,Benign,0.7530171734677801,0.7965666666666666,0.7741799627439864,30000.0
126000,30,8,1989,SingleView,DDoS,0.9971735058743402,0.9760666666666666,0.9865072012128359,30000.0
126000,30,8,1989,SingleView,DoS,0.9997996594210157,0.9981,0.9989491067407297,30000.0
126000,30,8,1989,SingleView,Mirai,0.8299562971791815,0.8356,0.8327685868048634,30000.0
126000,30,8,1989,SingleView,Recon,0.875964328685682,0.8251,0.8497717051735384,30000.0
126000,30,8,1989,SingleView,Spoofing,0.757912689822559,0.7702666666666667,0.764039742763147,30000.0
126000,30,8,1989,MultiViewStacking,Benign,0.7515927487611954,0.814,0.7815525435662736,30000.0
126000,30,8,1989,MultiViewStacking,DDoS,0.9993522211994136,0.9770666666666666,0.9880838010483558,30000.0
126000,30,8,1989,MultiViewStacking,DoS,1.0,0.9981,0.9990490966418097,30000.0
126000,30,8,1989,MultiViewStacking,Mirai,0.8288738606292267,0.8457,0.8372023956838094,30000.0
126000,30,8,1989,MultiViewStacking,Recon,0.901082029536482,0.8216666666666667,0.8595439012483437,30000.0
126000,30,8,1989,MultiViewStacking,Spoofing,0.7853650479022134,0.7924333333333333,0.7888833582213373,30000.0
126000,30,9,8140,SingleView,Benign,0.7551821608040201,0.8015,0.7776520051746443,30000.0
126000,30,9,8140,SingleView,DDoS,0.9965635738831615,0.9763333333333334,0.9863447323668569,30000.0
126000,30,9,8140,SingleView,DoS,0.9998330495175131,0.9981333333333333,0.9989824684315001,30000.0
126000,30,9,8140,SingleView,Mirai,0.8288940835610575,0.8392,0.8340152054726451,30000.0
126000,30,9,8140,SingleView,Recon,0.878525176037649,0.8276,0.8523025694718593,30000.0
126000,30,9,8140,SingleView,Spoofing,0.763698403233287,0.7684333333333333,0.766058551822683,30000.0
126000,30,9,8140,MultiViewStacking,Benign,0.7444668613929959,0.8241,0.7822620196491006,30000.0
126000,30,9,8140,MultiViewStacking,DDoS,0.9992162742358673,0.9774666666666667,0.988221814076533,30000.0
126000,30,9,8140,MultiViewStacking,DoS,0.999966604328079,0.9981,0.9990324302682504,30000.0
126000,30,9,8140,MultiViewStacking,Mirai,0.8353622619281367,0.8509,0.8430595462201526,30000.0
126000,30,9,8140,MultiViewStacking,Recon,0.9001526606571678,0.8255,0.8612115732368897,30000.0
126000,30,9,8140,MultiViewStacking,Spoofing,0.800883452259599,0.7856666666666666,0.7932020864883056,30000.0
126000,30,10,28,SingleView,Benign,0.7529574194358154,0.7998666666666666,0.7757035025618646,30000.0
126000,30,10,28,SingleView,DDoS,0.9972064184240111,0.9757,0.9863359897562044,30000.0
126000,30,10,28,SingleView,DoS,0.9998664485326032,0.9982333333333333,0.9990492235325515,30000.0
126000,30,10,28,SingleView,Mirai,0.8266267123287672,0.8367666666666667,0.8316657831963954,30000.0
126000,30,10,28,SingleView,Recon,0.8780824829931972,0.8261,0.8512984336356142,30000.0
126000,30,10,28,SingleView,Spoofing,0.7621299818091616,0.7681,0.7651033452311778,30000.0
126000,30,10,28,MultiViewStacking,Benign,0.7474120082815735,0.8182666666666667,0.7812360766342054,30000.0
126000,30,10,28,MultiViewStacking,DDoS,0.9992839607201309,0.9769,0.9879652103559871,30000.0
126000,30,10,28,MultiViewStacking,DoS,1.0,0.9982,0.9990991892703434,30000.0
126000,30,10,28,MultiViewStacking,Mirai,0.83097625502172,0.8480666666666666,0.8394344820759853,30000.0
126000,30,10,28,MultiViewStacking,Recon,0.9037877401646843,0.8232,0.8616136066288704,30000.0
126000,30,10,28,MultiViewStacking,Spoofing,0.7902805611222445,0.7887,0.7894894894894895,30000.0
126000,30,11,4534,SingleView,Benign,0.7509853210439748,0.8066333333333333,0.7778152773090337,30000.0
126000,30,11,4534,SingleView,DDoS,0.9969351268516942,0.9758333333333333,0.9862713720205508,30000.0
126000,30,11,4534,SingleView,DoS,0.9998998196754157,0.9981,0.9989990991892703,30000.0
126000,30,11,4534,SingleView,Mirai,0.8322373855863596,0.8395333333333334,0.8358694389592287,30000.0
126000,30,11,4534,SingleView,Recon,0.8733803855472453,0.8291,0.8506643410455035,30000.0
126000,30,11,4534,SingleView,Spoofing,0.76695599515543,0.7599,0.7634116937914406,30000.0
126000,30,11,4534,MultiViewStacking,Benign,0.7447963529482334,0.8277666666666667,0.7840927031037858,30000.0
126000,30,11,4534,MultiViewStacking,DDoS,0.999692790824686,0.9762333333333333,0.9878237992444684,30000.0
126000,30,11,4534,MultiViewStacking,DoS,1.0,0.9980666666666667,0.9990323979847185,30000.0
126000,30,11,4534,MultiViewStacking,Mirai,0.8327065825185572,0.8488333333333333,0.8406926264010168,30000.0
126000,30,11,4534,MultiViewStacking,Recon,0.9006514065286219,0.8249666666666666,0.8611492893056595,30000.0
126000,30,11,4534,MultiViewStacking,Spoofing,0.8005108991825614,0.7834333333333333,0.7918800539083558,30000.0
126000,30,12,9243,SingleView,Benign,0.7574829502399596,0.7997,0.7780191983396031,30000.0
126000,30,12,9243,SingleView,DDoS,0.996629328248953,0.9757333333333333,0.9860706405484159,30000.0
126000,30,12,9243,SingleView,DoS,0.9998998196754157,0.9981,0.9989990991892703,30000.0
126000,30,12,9243,SingleView,Mirai,0.8266265020791722,0.8415333333333334,0.8340133132918187,30000.0
126000,30,12,9243,SingleView,Recon,0.8766623390294396,0.8328,0.8541684473238859,30000.0
126000,30,12,9243,SingleView,Spoofing,0.7691101398018084,0.7683666666666666,0.7687382234746795,30000.0
126000,30,12,9243,MultiViewStacking,Benign,0.7487909397000306,0.8154333333333333,0.780692516355513,30000.0
126000,30,12,9243,MultiViewStacking,DDoS,0.9995905973866467,0.9766333333333334,0.9879786211663941,30000.0
126000,30,12,9243,MultiViewStacking,DoS,0.9998330439428342,0.9981,0.9989657703342897,30000.0
126000,30,12,9243,MultiViewStacking,Mirai,0.8293127584073966,0.8491333333333333,0.8391060164369122,30000.0
126000,30,12,9243,MultiViewStacking,Recon,0.8955545964609408,0.83,0.86153207390492,30000.0
126000,30,12,9243,MultiViewStacking,Spoofing,0.798917089678511,0.7869333333333334,0.792879932829555,30000.0
126000,30,13,4857,SingleView,Benign,0.7488089677720692,0.8016,0.7743057232552524,30000.0
126000,30,13,4857,SingleView,DDoS,0.9969694906020158,0.9759666666666666,0.9863562862147959,30000.0
126000,30,13,4857,SingleView,DoS,0.9998330662393162,0.9982333333333333,0.999032559380838,30000.0
126000,30,13,4857,SingleView,Mirai,0.8310235596911503,0.8395,0.8352402745995423,30000.0
126000,30,13,4857,SingleView,Recon,0.8749293386093838,0.8254666666666667,0.8494785949506037,30000.0
126000,30,13,4857,SingleView,Spoofing,0.7679519278918377,0.7668,0.7673755316487365,30000.0
126000,30,13,4857,MultiViewStacking,Benign,0.7495044976368349,0.8193333333333334,0.7828648777768931,30000.0
126000,30,13,4857,MultiViewStacking,DDoS,0.999046483909416,0.9779,0.9883601448665038,30000.0
126000,30,13,4857,MultiViewStacking,DoS,0.9999666087885668,0.9982333333333333,0.9990992193234136,30000.0
126000,30,13,4857,MultiViewStacking,Mirai,0.8346549577298643,0.8490666666666666,0.8417991341419082,30000.0
126000,30,13,4857,MultiViewStacking,Recon,0.9017286116288419,0.8224666666666667,0.8602757875285463,30000.0
126000,30,13,4857,MultiViewStacking,Spoofing,0.7951084602312486,0.7954,0.795254203396044,30000.0
126000,30,14,6919,SingleView,Benign,0.7554034013820087,0.7980333333333334,0.7761334349115783,30000.0
126000,30,14,6919,SingleView,DDoS,0.9972747402486799,0.9758333333333333,0.9864375368545194,30000.0
126000,30,14,6919,SingleView,DoS,0.9997996794871795,0.9982,0.9989991993594876,30000.0
126000,30,14,6919,SingleView,Mirai,0.8269982588127074,0.8391,0.8330051787752941,30000.0
126000,30,14,6919,SingleView,Recon,0.8796707001171001,0.8263333333333334,0.8521682336157852,30000.0
126000,30,14,6919,SingleView,Spoofing,0.7626398946675444,0.7723,0.7674395495197085,30000.0
126000,30,14,6919,MultiViewStacking,Benign,0.7490309781779337,0.8180666666666667,0.7820282004301761,30000.0
126000,30,14,6919,MultiViewStacking,DDoS,0.9994200129644161,0.9764666666666667,0.987810018377704,30000.0
126000,30,14,6919,MultiViewStacking,DoS,0.9999332175771337,0.9982,0.9990658570761326,30000.0
126000,30,14,6919,MultiViewStacking,Mirai,0.8357062817217059,0.8452333333333333,0.8404428093202081,30000.0
126000,30,14,6919,MultiViewStacking,Recon,0.900984682713348,0.8235,0.8605015673981191,30000.0
126000,30,14,6919,MultiViewStacking,Spoofing,0.7891043886939829,0.7947333333333333,0.7919088584050221,30000.0
126000,30,15,2656,SingleView,Benign,0.7526204790833831,0.797,0.7741747478508637,30000.0
126000,30,15,2656,SingleView,DDoS,0.9961882721301433,0.9757,0.9858376976575788,30000.0
126000,30,15,2656,SingleView,DoS,0.9998330606657541,0.9982,0.9990158629547464,30000.0
126000,30,15,2656,SingleView,Mirai,0.8275375631520241,0.8408333333333333,0.8341324691643794,30000.0
126000,30,15,2656,SingleView,Recon,0.8763097548068443,0.8279666666666666,0.8514525666295313,30000.0
126000,30,15,2656,SingleView,Spoofing,0.7641835716661124,0.7659666666666667,0.7650740802397203,30000.0
126000,30,15,2656,MultiViewStacking,Benign,0.7478963312016156,0.8147333333333333,0.7798854517317848,30000.0
126000,30,15,2656,MultiViewStacking,DDoS,0.999386586695747,0.9775333333333334,0.988339174979779,30000.0
126000,30,15,2656,MultiViewStacking,DoS,0.9998664440734557,0.9982,0.9990325271059216,30000.0
126000,30,15,2656,MultiViewStacking,Mirai,0.8280951610292928,0.8528,0.8402660316938994,30000.0
126000,30,15,2656,MultiViewStacking,Recon,0.901606940224752,0.8210333333333333,0.8594357891798531,30000.0
126000,30,15,2656,MultiViewStacking,Spoofing,0.7935996779712187,0.7886,0.7910919396097708,30000.0
168000,40,1,2305,SingleView,Benign,0.7546236160079174,0.8133333333333334,0.7828793274938236,30000.0
168000,40,1,2305,SingleView,DDoS,0.99751303103601,0.976,0.986639260020555,30000.0
168000,40,1,2305,SingleView,DoS,0.9998664440734557,0.9982,0.9990325271059216,30000.0
168000,40,1,2305,SingleView,Mirai,0.8316965018886516,0.8440333333333333,0.8378195053354289,30000.0
168000,40,1,2305,SingleView,Recon,0.8825296945701357,0.8321666666666667,0.8566085643700247,30000.0
168000,40,1,2305,SingleView,Spoofing,0.7786702666216673,0.7690666666666667,0.7738386718094918,30000.0
168000,40,1,2305,MultiViewStacking,Benign,0.7543577285150319,0.8280333333333333,0.7894803750198633,30000.0
168000,40,1,2305,MultiViewStacking,DDoS,0.998876442749651,0.9779333333333333,0.9882939482238804,30000.0
168000,40,1,2305,MultiViewStacking,DoS,1.0,0.9982333333333333,0.9991158856990342,30000.0
168000,40,1,2305,MultiViewStacking,Mirai,0.8435171385991058,0.849,0.846249688512335,30000.0
168000,40,1,2305,MultiViewStacking,Recon,0.9028507262650777,0.8308333333333333,0.8653462252851216,30000.0
168000,40,1,2305,MultiViewStacking,Spoofing,0.8014691151919866,0.8001333333333334,0.8008006672226856,30000.0
168000,40,2,8986,SingleView,Benign,0.7615580176391199,0.8088,0.7844684049724382,30000.0
168000,40,2,8986,SingleView,DDoS,0.9972412383774395,0.976,0.9865062920099055,30000.0
168000,40,2,8986,SingleView,DoS,0.9999332175771337,0.9982,0.9990658570761326,30000.0
168000,40,2,8986,SingleView,Mirai,0.8311773160851953,0.8481333333333333,0.8395697221672276,30000.0
168000,40,2,8986,SingleView,Recon,0.8839449541284403,0.8350333333333333,0.8587932807679123,30000.0
168000,40,2,8986,SingleView,Spoofing,0.7750184081933195,0.7718666666666667,0.7734393266308159,30000.0
168000,40,2,8986,MultiViewStacking,Benign,0.7572776980175336,0.8263666666666667,0.7903151250458262,30000.0
168000,40,2,8986,MultiViewStacking,DDoS,0.9992846436844257,0.9778333333333333,0.9884426174270503,30000.0
168000,40,2,8986,MultiViewStacking,DoS,0.9999666076735566,0.9982,0.9990825228952241,30000.0
168000,40,2,8986,MultiViewStacking,Mirai,0.8378988708885616,0.8534,0.845578399801833,30000.0
168000,40,2,8986,MultiViewStacking,Recon,0.9002803939895032,0.8348,0.8663046110207894,30000.0
168000,40,2,8986,MultiViewStacking,Spoofing,0.8063676614729443,0.7952666666666667,0.8007786933391512,30000.0
168000,40,3,2125,SingleView,Benign,0.7590823970037454,0.8107,0.7840425531914894,30000.0
168000,40,3,2125,SingleView,DDoS,0.9964277208859252,0.9762666666666666,0.986244170188406,30000.0
168000,40,3,2125,SingleView,DoS,0.9997996794871795,0.9982,0.9989991993594876,30000.0
168000,40,3,2125,SingleView,Mirai,0.8359650568650074,0.8453,0.8406066130769868,30000.0
168000,40,3,2125,SingleView,Recon,0.8862254152292207,0.8306,0.8575115714851076,30000.0
168000,40,3,2125,SingleView,Spoofing,0.7730994927560256,0.7773,0.7751940561474661,30000.0
168000,40,3,2125,MultiViewStacking,Benign,0.7603018170619033,0.8229,0.7903633744197215,30000.0
168000,40,3,2125,MultiViewStacking,DDoS,0.9992168346499591,0.9781666666666666,0.9885797062390513,30000.0
168000,40,3,2125,MultiViewStacking,DoS,0.9999666110183639,0.9983,0.9991326105087573,30000.0
168000,40,3,2125,MultiViewStacking,Mirai,0.8442995455443588,0.8546,0.8494185468641288,30000.0
168000,40,3,2125,MultiViewStacking,Recon,0.9055988403696322,0.833,0.8677836617761958,30000.0
168000,40,3,2125,MultiViewStacking,Spoofing,0.7988496248057916,0.8055333333333333,0.8021775572189673,30000.0
168000,40,4,6477,SingleView,Benign,0.758003120124805,0.8098,0.7830459307010476,30000.0
168000,40,4,6477,SingleView,DDoS,0.9971738908372774,0.9762,0.9865754855227475,30000.0
168000,40,4,6477,SingleView,DoS,0.9998664440734557,0.9982,0.9990325271059216,30000.0
168000,40,4,6477,SingleView,Mirai,0.8343214756258235,0.8443333333333334,0.839297548045063,30000.0
168000,40,4,6477,SingleView,Recon,0.8820954532617905,0.8329333333333333,0.856809765464271,30000.0
168000,40,4,6477,SingleView,Spoofing,0.7750392412249941,0.7735666666666666,0.7743022538077841,30000.0
168000,40,4,6477,MultiViewStacking,Benign,0.7551782785640527,0.8288333333333333,0.7902933604551378,30000.0
168000,40,4,6477,MultiViewStacking,DDoS,0.9996248806438413,0.9771,0.9882341042411166,30000.0
168000,40,4,6477,MultiViewStacking,DoS,0.9999666087885668,0.9982333333333333,0.9990992193234136,30000.0
168000,40,4,6477,MultiViewStacking,Mirai,0.8371584342659397,0.8547666666666667,0.8458709241147268,30000.0
168000,40,4,6477,MultiViewStacking,Recon,0.9037192778945842,0.831,0.8658354461153752,30000.0
168000,40,4,6477,MultiViewStacking,Spoofing,0.8059151597093122,0.7947666666666666,0.8003020894520433,30000.0
168000,40,5,5661,SingleView,Benign,0.7578848560700876,0.8074,0.781859264041317,30000.0
168000,40,5,5661,SingleView,DDoS,0.9971397439389812,0.9761333333333333,0.9865247271257243,30000.0
168000,40,5,5661,SingleView,DoS,0.9997663005375088,0.9982,0.9989825363201175,30000.0
168000,40,5,5661,SingleView,Mirai,0.8355753379492252,0.8447666666666667,0.8401458644123985,30000.0
168000,40,5,5661,SingleView,Recon,0.8824007060900265,0.8331333333333333,0.8570595799399914,30000.0
168000,40,5,5661,SingleView,Spoofing,0.7729510377860564,0.7746,0.7737746403835908,30000.0
168000,40,5,5661,MultiViewStacking,Benign,0.7569450839549375,0.8219666666666666,0.7881170398069578,30000.0
168000,40,5,5661,MultiViewStacking,DDoS,0.9991484723594127,0.9778,0.9883589683114608,30000.0
168000,40,5,5661,MultiViewStacking,DoS,1.0,0.9982,0.9990991892703434,30000.0
168000,40,5,5661,MultiViewStacking,Mirai,0.8410517666392769,0.8529666666666667,0.8469673148531237,30000.0
168000,40,5,5661,MultiViewStacking,Recon,0.9027470334216352,0.8292333333333334,0.8644300432614626,30000.0
168000,40,5,5661,MultiViewStacking,Spoofing,0.7977170161932572,0.8013333333333333,0.7995210855394439,30000.0
168000,40,6,9651,SingleView,Benign,0.7550378422150933,0.8080666666666667,0.7806527444571465,30000.0
168000,40,6,9651,SingleView,DDoS,0.9971384772611139,0.9757,0.9863027546120798,30000.0
168000,40,6,9651,SingleView,DoS,0.9999332175771337,0.9982,0.9990658570761326,30000.0
168000,40,6,9651,SingleView,Mirai,0.8328341506763651,0.8434666666666667,0.8381166884719209,30000.0
168000,40,6,9651,SingleView,Recon,0.8808734302243545,0.8323666666666667,0.8559333653252896,30000.0
168000,40,6,9651,SingleView,Spoofing,0.7726983489065273,0.7690666666666667,0.7708782305083614,30000.0
168000,40,6,9651,MultiViewStacking,Benign,0.7564161530677951,0.8223,0.7879833261463275,30000.0
168000,40,6,9651,MultiViewStacking,DDoS,0.9992168879809329,0.9782333333333333,0.9886137780023581,30000.0
168000,40,6,9651,MultiViewStacking,DoS,0.9999666076735566,0.9982,0.9990825228952241,30000.0
168000,40,6,9651,MultiViewStacking,Mirai,0.838562091503268,0.8553333333333333,0.8468646864686469,30000.0
168000,40,6,9651,MultiViewStacking,Recon,0.9008732678983834,0.8321666666666667,0.865158026060438,30000.0
168000,40,6,9651,MultiViewStacking,Spoofing,0.8044895490288326,0.798,0.8012316342581747,30000.0
168000,40,7,7167,SingleView,Benign,0.7572429760340404,0.8067666666666666,0.78122074820051,30000.0
168000,40,7,7167,SingleView,DDoS,0.9968340425531915,0.9760666666666666,0.9863410526315789,30000.0
168000,40,7,7167,SingleView,DoS,0.9997996861750075,0.9982333333333333,0.9990158957850316,30000.0
168000,40,7,7167,SingleView,Mirai,0.8343070270983926,0.8425666666666667,0.8384165049670796,30000.0
168000,40,7,7167,SingleView,Recon,0.8812902771419516,0.8342,0.8570988235697039,30000.0
168000,40,7,7167,SingleView,Spoofing,0.773387526652452,0.7738,0.7735937083444415,30000.0
168000,40,7,7167,MultiViewStacking,Benign,0.7563484708063022,0.8161,0.7850889850889851,30000.0
168000,40,7,7167,MultiViewStacking,DDoS,0.9993866075992502,0.9775666666666667,0.9883562220911618,30000.0
168000,40,7,7167,MultiViewStacking,DoS,0.9999332175771337,0.9982,0.9990658570761326,30000.0
168000,40,7,7167,MultiViewStacking,Mirai,0.8342273806040509,0.8553333333333333,0.8446485294359684,30000.0
168000,40,7,7167,MultiViewStacking,Recon,0.9063136456211812,0.8306666666666667,0.8668429108111869,30000.0
168000,40,7,7167,MultiViewStacking,Spoofing,0.797187686988897,0.7993666666666667,0.798275689890483,30000.0
168000,40,8,1989,SingleView,Benign,0.7600112891592712,0.8078666666666666,0.7832086477403093,30000.0
168000,40,8,1989,SingleView,DDoS,0.9968013067002416,0.9764333333333334,0.9865121996396518,30000.0
168000,40,8,1989,SingleView,DoS,0.9998664351542674,0.9981333333333333,0.9989991325815707,30000.0
168000,40,8,1989,SingleView,Mirai,0.8342789286185512,0.8430666666666666,0.8386497778367266,30000.0
168000,40,8,1989,SingleView,Recon,0.886086306876801,0.8302333333333334,0.8572510282400316,30000.0
168000,40,8,1989,SingleView,Spoofing,0.768969720931765,0.7779666666666667,0.7734420307865653,30000.0
168000,40,8,1989,MultiViewStacking,Benign,0.7509148646605172,0.8276333333333333,0.7874098152699596,30000.0
168000,40,8,1989,MultiViewStacking,DDoS,0.9992167279662172,0.9780333333333333,0.9885115558250792,30000.0
168000,40,8,1989,MultiViewStacking,DoS,0.999966604328079,0.9981,0.9990324302682504,30000.0
168000,40,8,1989,MultiViewStacking,Mirai,0.8386737435292576,0.8532666666666666,0.8459072733881894,30000.0
168000,40,8,1989,MultiViewStacking,Recon,0.9069733318660357,0.8241666666666667,0.8635895286495171,30000.0
168000,40,8,1989,MultiViewStacking,Spoofing,0.8014341241120493,0.7972666666666667,0.7993449635719537,30000.0
168000,40,9,8140,SingleView,Benign,0.7619750141251805,0.8091666666666667,0.7848621035274338,30000.0
168000,40,9,8140,SingleView,DDoS,0.9967331382290887,0.9763333333333334,0.9864277775906779,30000.0
168000,40,9,8140,SingleView,DoS,0.9998664351542674,0.9981333333333333,0.9989991325815707,30000.0
168000,40,9,8140,SingleView,Mirai,0.833596214511041,0.8456,0.8395552025416998,30000.0
168000,40,9,8140,SingleView,Recon,0.8875815140345903,0.8348,0.8603820255599836,30000.0
168000,40,9,8140,SingleView,Spoofing,0.774867374005305,0.779,0.7769281914893617,30000.0
168000,40,9,8140,MultiViewStacking,Benign,0.7532510938259601,0.8263666666666667,0.7881167344862665,30000.0
168000,40,9,8140,MultiViewStacking,DDoS,0.9989791751735402,0.9786,0.9886845827439887,30000.0
168000,40,9,8140,MultiViewStacking,DoS,0.999966604328079,0.9981,0.9990324302682504,30000.0
168000,40,9,8140,MultiViewStacking,Mirai,0.8464240737058395,0.8513333333333334,0.8488716056768704,30000.0
168000,40,9,8140,MultiViewStacking,Recon,0.903738453705724,0.8283666666666667,0.8644126752234861,30000.0
168000,40,9,8140,MultiViewStacking,Spoofing,0.8021872091477197,0.8044333333333333,0.8033087011517209,30000.0
168000,40,10,28,SingleView,Benign,0.7577752129020183,0.8097333333333333,0.7828931466232657,30000.0
168000,40,10,28,SingleView,DDoS,0.9972075600204325,0.9761,0.986540891097448,30000.0
168000,40,10,28,SingleView,DoS,0.9999332198070052,0.9982333333333333,0.9990825535038116,30000.0
168000,40,10,28,SingleView,Mirai,0.8349187475227904,0.8426,0.8387417877762293,30000.0
168000,40,10,28,SingleView,Recon,0.8857640617222499,0.8304333333333334,0.8572067577332003,30000.0
168000,40,10,28,SingleView,Spoofing,0.7711317696099513,0.7769666666666667,0.7740382220598735,30000.0
168000,40,10,28,MultiViewStacking,Benign,0.7532893737275518,0.8263333333333334,0.7881225261886217,30000.0
168000,40,10,28,MultiViewStacking,DDoS,0.9993527728573375,0.9779,0.9885100074128984,30000.0
168000,40,10,28,MultiViewStacking,DoS,1.0,0.9982,0.9990991892703434,30000.0
168000,40,10,28,MultiViewStacking,Mirai,0.8406995439183647,0.8540666666666666,0.8473303900656448,30000.0
168000,40,10,28,MultiViewStacking,Recon,0.906424375917768,0.8230333333333333,0.8627183787561146,30000.0
168000,40,10,28,MultiViewStacking,Spoofing,0.8004123437084331,0.8023333333333333,0.801371687308563,30000.0
168000,40,11,4534,SingleView,Benign,0.7583078745557703,0.8108333333333333,0.7836914849060859,30000.0
168000,40,11,4534,SingleView,DDoS,0.9972752971629032,0.9760333333333333,0.9865399841646872,30000.0
168000,40,11,4534,SingleView,DoS,0.9998330606657541,0.9982,0.9990158629547464,30000.0
168000,40,11,4534,SingleView,Mirai,0.8364829656013983,0.8454333333333334,0.8409343346429933,30000.0
168000,40,11,4534,SingleView,Recon,0.8802879017746886,0.8316666666666667,0.8552868381811014,30000.0
168000,40,11,4534,SingleView,Spoofing,0.7732919254658385,0.7719,0.772595335802222,30000.0
168000,40,11,4534,MultiViewStacking,Benign,0.7531826526619918,0.8342,0.7916238315909343,30000.0
168000,40,11,4534,MultiViewStacking,DDoS,0.9993868583302109,0.9779666666666667,0.9885607426251327,30000.0
168000,40,11,4534,MultiViewStacking,DoS,1.0,0.9982,0.9990991892703434,30000.0
168000,40,11,4534,MultiViewStacking,Mirai,0.8461461992179734,0.8511666666666666,0.8486490079431022,30000.0
168000,40,11,4534,MultiViewStacking,Recon,0.9046597068131389,0.829,0.8651788975665756,30000.0
168000,40,11,4534,MultiViewStacking,Spoofing,0.8060467769537935,0.8007,0.8033644922325713,30000.0
168000,40,12,9243,SingleView,Benign,0.7615377355522698,0.8069,0.7835628853966045,30000.0
168000,40,12,9243,SingleView,DDoS,0.9964267483409903,0.976,0.9861076029300329,30000.0
168000,40,12,9243,SingleView,DoS,0.9998330606657541,0.9982,0.9990158629547464,30000.0
168000,40,12,9243,SingleView,Mirai,0.8321141545022142,0.8455666666666667,0.8387864759857816,30000.0
168000,40,12,9243,SingleView,Recon,0.8804363075196409,0.8367666666666667,0.8580462127426852,30000.0
168000,40,12,9243,SingleView,Spoofing,0.7772757697456493,0.7741666666666667,0.7757181028724115,30000.0
168000,40,12,9243,MultiViewStacking,Benign,0.7539967965184805,0.8316333333333333,0.7909144224825246,30000.0
168000,40,12,9243,MultiViewStacking,DDoS,0.999148443354452,0.9777666666666667,0.9883419252670238,30000.0
168000,40,12,9243,MultiViewStacking,DoS,0.9999332153471132,0.9981666666666666,0.9990491600914141,30000.0
168000,40,12,9243,MultiViewStacking,Mirai,0.8431992621141746,0.8532333333333333,0.8481866229269182,30000.0
168000,40,12,9243,MultiViewStacking,Recon,0.9032258064516129,0.8297333333333333,0.8649212112788617,30000.0
168000,40,12,9243,MultiViewStacking,Spoofing,0.8082182553048164,0.7998666666666666,0.8040207739989949,30000.0
168000,40,13,4857,SingleView,Benign,0.7549432839521478,0.8119666666666666,0.7824173706356599,30000.0
168000,40,13,4857,SingleView,DDoS,0.9970717423133236,0.9761,0.9864744226785023,30000.0
168000,40,13,4857,SingleView,DoS,0.9998664485326032,0.9982333333333333,0.9990492235325515,30000.0
168000,40,13,4857,SingleView,Mirai,0.8356507413509061,0.8454,0.8404971002485502,30000.0
168000,40,13,4857,SingleView,Recon,0.8842427696253028,0.8275333333333333,0.8549486879261657,30000.0
168000,40,13,4857,SingleView,Spoofing,0.7746765372815793,0.7743666666666666,0.7745215709808628,30000.0
168000,40,13,4857,MultiViewStacking,Benign,0.7533790934655741,0.8305,0.7900619936262308,30000.0
168000,40,13,4857,MultiViewStacking,DDoS,0.9990810074880871,0.9784333333333334,0.9886493768945773,30000.0
168000,40,13,4857,MultiViewStacking,DoS,0.9999666087885668,0.9982333333333333,0.9990992193234136,30000.0
168000,40,13,4857,MultiViewStacking,Mirai,0.8398518178539816,0.8539333333333333,0.8468340412872088,30000.0
168000,40,13,4857,MultiViewStacking,Recon,0.9084641337831891,0.8257333333333333,0.8651253754278131,30000.0
168000,40,13,4857,MultiViewStacking,Spoofing,0.8055983908816627,0.8010333333333334,0.8033093765669397,30000.0
168000,40,14,6919,SingleView,Benign,0.7637245026441702,0.8087333333333333,0.78558476881233,30000.0
168000,40,14,6919,SingleView,DDoS,0.9970722407571322,0.9762666666666666,0.9865597736382928,30000.0
168000,40,14,6919,SingleView,DoS,0.9999332175771337,0.9982,0.9990658570761326,30000.0
168000,40,14,6919,SingleView,Mirai,0.8323731770747606,0.8428333333333333,0.8375705980754261,30000.0
168000,40,14,6919,SingleView,Recon,0.8847157568063196,0.8362333333333334,0.8597916238261704,30000.0
168000,40,14,6919,SingleView,Spoofing,0.7732047585909799,0.7777666666666667,0.7754790036060288,30000.0
168000,40,14,6919,MultiViewStacking,Benign,0.7526669300671671,0.8255,0.7874028265742492,30000.0
168000,40,14,6919,MultiViewStacking,DDoS,0.999318592211509,0.9777,0.988391097032906,30000.0
168000,40,14,6919,MultiViewStacking,DoS,0.9999666076735566,0.9982,0.9990825228952241,30000.0
168000,40,14,6919,MultiViewStacking,Mirai,0.8401972062448644,0.8521,0.8461067438973935,30000.0
168000,40,14,6919,MultiViewStacking,Recon,0.9032305111937577,0.8257333333333333,0.8627450980392157,30000.0
168000,40,14,6919,MultiViewStacking,Spoofing,0.80182316014425,0.8004333333333333,0.801127643958097,30000.0
168000,40,15,2656,SingleView,Benign,0.7583898914709286,0.8082666666666667,0.7825343294660578,30000.0
168000,40,15,2656,SingleView,DDoS,0.9967993462494467,0.9758333333333333,0.9862049217605148,30000.0
168000,40,15,2656,SingleView,DoS,0.9998330606657541,0.9982,0.9990158629547464,30000.0
168000,40,15,2656,SingleView,Mirai,0.8330539394537028,0.8448,0.8388858547241944,30000.0
168000,40,15,2656,SingleView,Recon,0.8825669280214735,0.8329666666666666,0.857049765064993,30000.0
168000,40,15,2656,SingleView,Spoofing,0.772706039372706,0.7719333333333334,0.7723194930798732,30000.0
168000,40,15,2656,MultiViewStacking,Benign,0.7502563174718051,0.8293333333333334,0.7878154586618537,30000.0
168000,40,15,2656,MultiViewStacking,DDoS,0.9995569339831635,0.9776,0.9884565477494481,30000.0
168000,40,15,2656,MultiViewStacking,DoS,0.9999666076735566,0.9982,0.9990825228952241,30000.0
168000,40,15,2656,MultiViewStacking,Mirai,0.8389486103828002,0.8532666666666666,0.8460470650449498,30000.0
168000,40,15,2656,MultiViewStacking,Recon,0.9068008225616921,0.8231333333333334,0.8629438076600503,30000.0
168000,40,15,2656,MultiViewStacking,Spoofing,0.804267597128095,0.7990666666666667,0.801658696451861,30000.0
210000,50,1,2305,SingleView,Benign,0.7600942022249079,0.8176333333333333,0.7878145525204349,30000.0
210000,50,1,2305,SingleView,DDoS,0.9970386003131595,0.9763666666666667,0.9865943615480481,30000.0
210000,50,1,2305,SingleView,DoS,0.9999332198070052,0.9982333333333333,0.9990825535038116,30000.0
210000,50,1,2305,SingleView,Mirai,0.8366937473275664,0.8479333333333333,0.8422760458917603,30000.0
210000,50,1,2305,SingleView,Recon,0.889018732957966,0.8368333333333333,0.862137055924724,30000.0
210000,50,1,2305,SingleView,Spoofing,0.7827284946236559,0.7764666666666666,0.7795850066934404,30000.0
210000,50,1,2305,MultiViewStacking,Benign,0.7542927845007091,0.8331666666666667,0.7917702773334178,30000.0
210000,50,1,2305,MultiViewStacking,DDoS,0.9989450758864765,0.9785,0.9886168457212138,30000.0
210000,50,1,2305,MultiViewStacking,DoS,1.0,0.9982,0.9990991892703434,30000.0
210000,50,1,2305,MultiViewStacking,Mirai,0.8450014783665692,0.8573666666666667,0.8511391651086219,30000.0
210000,50,1,2305,MultiViewStacking,Recon,0.9050059984731159,0.8298,0.8657728624341384,30000.0
210000,50,1,2305,MultiViewStacking,Spoofing,0.8131485550109853,0.8019,0.8074851053117396,30000.0
210000,50,2,8986,SingleView,Benign,0.764562804041412,0.8172666666666667,0.7900367339047496,30000.0
210000,50,2,8986,SingleView,DDoS,0.9977178281899312,0.9763666666666667,0.986926783247414,30000.0
210000,50,2,8986,SingleView,DoS,0.9998330662393162,0.9982333333333333,0.999032559380838,30000.0
210000,50,2,8986,SingleView,Mirai,0.8379711861061773,0.8492,0.8435482268799046,30000.0
210000,50,2,8986,SingleView,Recon,0.8917296970988247,0.8370666666666666,0.8635339832533828,30000.0
210000,50,2,8986,SingleView,Spoofing,0.7799327988289697,0.7814666666666666,0.7806989793369853,30000.0
210000,50,2,8986,MultiViewStacking,Benign,0.7605884155684952,0.8272666666666667,0.7925275427111608,30000.0
210000,50,2,8986,MultiViewStacking,DDoS,0.9992173942631597,0.9788666666666667,0.9889373452996346,30000.0
210000,50,2,8986,MultiViewStacking,DoS,0.9999666076735566,0.9982,0.9990825228952241,30000.0
210000,50,2,8986,MultiViewStacking,Mirai,0.8420657215652969,0.8593,0.8505955719800706,30000.0
210000,50,2,8986,MultiViewStacking,Recon,0.905447442668017,0.8344,0.8684730944037747,30000.0
210000,50,2,8986,MultiViewStacking,Spoofing,0.8098340834284946,0.8037333333333333,0.8067721751932279,30000.0
210000,50,3,2125,SingleView,Benign,0.7613909246842352,0.8138,0.7867235962297591,30000.0
210000,50,3,2125,SingleView,DDoS,0.996903181895525,0.9764666666666667,0.9865791024669529,30000.0
210000,50,3,2125,SingleView,DoS,0.9998330606657541,0.9982,0.9990158629547464,30000.0
210000,50,3,2125,SingleView,Mirai,0.8419939876449407,0.8496,0.8457798941447794,30000.0
210000,50,3,2125,SingleView,Recon,0.8891250442791356,0.8366666666666667,0.8620985746178945,30000.0
210000,50,3,2125,SingleView,Spoofing,0.780450528274304,0.783,0.7817231854637425,30000.0
210000,50,3,2125,MultiViewStacking,Benign,0.762753383550738,0.8303333333333334,0.7951099620160235,30000.0
210000,50,3,2125,MultiViewStacking,DDoS,0.9996935752953594,0.9787333333333333,0.989102423742231,30000.0
210000,50,3,2125,MultiViewStacking,DoS,1.0,0.9982,0.9990991892703434,30000.0
210000,50,3,2125,MultiViewStacking,Mirai,0.8475071388715659,0.8607,0.8540526237451833,30000.0
210000,50,3,2125,MultiViewStacking,Recon,0.9089149410174939,0.8295666666666667,0.8674299855352817,30000.0
210000,50,3,2125,MultiViewStacking,Spoofing,0.8065745435265268,0.8113333333333334,0.8089469398607442,30000.0
210000,50,4,6477,SingleView,Benign,0.7627481389578163,0.8197,0.7901992287917737,30000.0
210000,50,4,6477,SingleView,DDoS,0.9970393057682491,0.9766,0.9867138166203587,30000.0
210000,50,4,6477,SingleView,DoS,0.9998664440734557,0.9982,0.9990325271059216,30000.0
210000,50,4,6477,SingleView,Mirai,0.838964892038899,0.8483333333333334,0.8436231043341345,30000.0
210000,50,4,6477,SingleView,Recon,0.8890346833108731,0.8356333333333333,0.8615072682910065,30000.0
210000,50,4,6477,SingleView,Spoofing,0.7835875819617288,0.7807666666666667,0.7821745809123088,30000.0
210000,50,4,6477,MultiViewStacking,Benign,0.7611455203286932,0.8274666666666667,0.7929217107995017,30000.0
210000,50,4,6477,MultiViewStacking,DDoS,0.9993529051154554,0.9781,0.9886122435227923,30000.0
210000,50,4,6477,MultiViewStacking,DoS,0.9999666076735566,0.9982,0.9990825228952241,30000.0
210000,50,4,6477,MultiViewStacking,Mirai,0.8437397520823768,0.8576333333333334,0.8506298145270605,30000.0
210000,50,4,6477,MultiViewStacking,Recon,0.9068226262040994,0.8347,0.8692678862776408,30000.0
210000,50,4,6477,MultiViewStacking,Spoofing,0.8078347625880076,0.807,0.8074171655355267,30000.0
210000,50,5,5661,SingleView,Benign,0.7627892432770481,0.8131333333333334,0.7871571474669248,30000.0
210000,50,5,5661,SingleView,DDoS,0.9970381970450057,0.9762333333333333,0.986526088860444,30000.0
210000,50,5,5661,SingleView,DoS,0.9998664440734557,0.9982,0.9990325271059216,30000.0
210000,50,5,5661,SingleView,Mirai,0.8401744993059687,0.8474,0.843771781340237,30000.0
210000,50,5,5661,SingleView,Recon,0.8882398753894081,0.8363666666666667,0.861523142425491,30000.0
210000,50,5,5661,SingleView,Spoofing,0.7780390857899967,0.7829666666666667,0.7804950988536302,30000.0
210000,50,5,5661,MultiViewStacking,Benign,0.7615311822705211,0.8315666666666667,0.7950094807119298,30000.0
210000,50,5,5661,MultiViewStacking,DDoS,0.9993531914893617,0.9785333333333334,0.9888336842105263,30000.0
210000,50,5,5661,MultiViewStacking,DoS,1.0,0.9982,0.9990991892703434,30000.0
210000,50,5,5661,MultiViewStacking,Mirai,0.848474855729596,0.8576666666666667,0.8530460008288437,30000.0
210000,50,5,5661,MultiViewStacking,Recon,0.9044122965641953,0.8335666666666667,0.8675455333911535,30000.0
210000,50,5,5661,MultiViewStacking,Spoofing,0.8095842377692436,0.8081,0.8088414379848194,30000.0
210000,50,6,9651,SingleView,Benign,0.7625505443234837,0.8172,0.7889300080450523,30000.0
210000,50,6,9651,SingleView,DDoS,0.9973090810000681,0.9759666666666666,0.9865224569560969,30000.0
210000,50,6,9651,SingleView,DoS,0.9999332175771337,0.9982,0.9990658570761326,30000.0
210000,50,6,9651,SingleView,Mirai,0.8371970668508105,0.8486666666666667,0.8428928506397841,30000.0
210000,50,6,9651,SingleView,Recon,0.8906438560374814,0.8364333333333334,0.8626877986729466,30000.0
210000,50,6,9651,SingleView,Spoofing,0.7796655429086418,0.7786,0.7791324071448823,30000.0
210000,50,6,9651,MultiViewStacking,Benign,0.7604051903537765,0.8282333333333334,0.7928712744910332,30000.0
210000,50,6,9651,MultiViewStacking,DDoS,0.9992171278804588,0.9785333333333334,0.9887670725340608,30000.0
210000,50,6,9651,MultiViewStacking,DoS,1.0,0.9982,0.9990991892703434,30000.0
210000,50,6,9651,MultiViewStacking,Mirai,0.8444480838519489,0.8593666666666666,0.8518420617875434,30000.0
210000,50,6,9651,MultiViewStacking,Recon,0.9079622820111406,0.8313,0.867941601266814,30000.0
210000,50,6,9651,MultiViewStacking,Spoofing,0.807012865808946,0.8070666666666667,0.8070397653411553,30000.0
210000,50,7,7167,SingleView,Benign,0.7636136682789827,0.8156666666666667,0.7887823354017246,30000.0
210000,50,7,7167,SingleView,DDoS,0.9972751115501209,0.9759666666666666,0.9865058373624893,30000.0
210000,50,7,7167,SingleView,DoS,0.9997996861750075,0.9982333333333333,0.9990158957850316,30000.0
210000,50,7,7167,SingleView,Mirai,0.838839565662233,0.8472,0.8429990547106917,30000.0
210000,50,7,7167,SingleView,Recon,0.8874400902170848,0.8394,0.8627518158147184,30000.0
210000,50,7,7167,SingleView,Spoofing,0.7809329951948746,0.7801,0.7805162753468516,30000.0
210000,50,7,7167,MultiViewStacking,Benign,0.7613604855355988,0.8237666666666666,0.7913351158359884,30000.0
210000,50,7,7167,MultiViewStacking,DDoS,0.9991488492441781,0.9782333333333333,0.9885804756450852,30000.0
210000,50,7,7167,MultiViewStacking,DoS,0.9999666076735566,0.9982,0.9990825228952241,30000.0
210000,50,7,7167,MultiViewStacking,Mirai,0.8462475713768235,0.8566,0.8513923169943843,30000.0
210000,50,7,7167,MultiViewStacking,Recon,0.9041853404655197,0.8339,0.8676215578830547,30000.0
210000,50,7,7167,MultiViewStacking,Spoofing,0.805677940835459,0.8107,0.8081811686909133,30000.0
210000,50,8,1989,SingleView,Benign,0.763652249890782,0.8157333333333333,0.7888340908358314,30000.0
210000,50,8,1989,SingleView,DDoS,0.9969026548672566,0.9763,0.986493768945773,30000.0
210000,50,8,1989,SingleView,DoS,0.9999332198070052,0.9982333333333333,0.9990825535038116,30000.0
210000,50,8,1989,SingleView,Mirai,0.8365761316872428,0.8470333333333333,0.8417722567287784,30000.0
210000,50,8,1989,SingleView,Recon,0.8917534938302336,0.8359,0.8629239001393644,30000.0
210000,50,8,1989,SingleView,Spoofing,0.7757310232666202,0.7790666666666667,0.7773952668429543,30000.0
210000,50,8,1989,MultiViewStacking,Benign,0.7614147909967846,0.8288,0.7936796744074694,30000.0
210000,50,8,1989,MultiViewStacking,DDoS,0.9989451117841223,0.9785333333333334,0.9886338761008302,30000.0
210000,50,8,1989,MultiViewStacking,DoS,0.9998998297105078,0.9982,0.9990491918130411,30000.0
210000,50,8,1989,MultiViewStacking,Mirai,0.8453122425440764,0.8550333333333333,0.8501449995857154,30000.0
210000,50,8,1989,MultiViewStacking,Recon,0.9047032839711793,0.8329,0.867318072163696,30000.0
210000,50,8,1989,MultiViewStacking,Spoofing,0.8078216009319354,0.8090333333333334,0.8084270130735282,30000.0
210000,50,9,8140,SingleView,Benign,0.7625984007934048,0.8202,0.7903510744226384,30000.0
210000,50,9,8140,SingleView,DDoS,0.9974467215905223,0.9766333333333334,0.9869303061946306,30000.0
210000,50,9,8140,SingleView,DoS,0.9999332131169438,0.9981333333333333,0.999032462549628,30000.0
210000,50,9,8140,SingleView,Mirai,0.8387947517636976,0.8481333333333333,0.8434381940531044,30000.0
210000,50,9,8140,SingleView,Recon,0.89567575281861,0.8368,0.8652374715654512,30000.0
210000,50,9,8140,SingleView,Spoofing,0.7804805004658592,0.7818333333333334,0.7811563311796443,30000.0
210000,50,9,8140,MultiViewStacking,Benign,0.761741157704224,0.8277333333333333,0.7933673061869998,30000.0
210000,50,9,8140,MultiViewStacking,DDoS,0.9989456140947587,0.979,0.9888722412080605,30000.0
210000,50,9,8140,MultiViewStacking,DoS,0.999966604328079,0.9981,0.9990324302682504,30000.0
210000,50,9,8140,MultiViewStacking,Mirai,0.8503140495867768,0.8574,0.8538423236514523,30000.0
210000,50,9,8140,MultiViewStacking,Recon,0.9082635602475427,0.8316666666666667,0.8682791021402471,30000.0
210000,50,9,8140,MultiViewStacking,Spoofing,0.8061049578059072,0.8151333333333334,0.8105940068947229,30000.0
210000,50,10,28,SingleView,Benign,0.7642917224835665,0.8177666666666666,0.7901254448541845,30000.0
210000,50,10,28,SingleView,DDoS,0.9974464607946614,0.9765333333333334,0.9868791160667666,30000.0
210000,50,10,28,SingleView,DoS,0.9998998330550918,0.9982333333333333,0.9990658882402002,30000.0
210000,50,10,28,SingleView,Mirai,0.8381021369069178,0.8484666666666667,0.8432525550347021,30000.0
210000,50,10,28,SingleView,Recon,0.8935330108138874,0.8373,0.8645030286343612,30000.0
210000,50,10,28,SingleView,Spoofing,0.779546134166196,0.7820666666666667,0.7808043662745229,30000.0
210000,50,10,28,MultiViewStacking,Benign,0.7641753370682756,0.8275,0.794577985468745,30000.0
210000,50,10,28,MultiViewStacking,DDoS,0.9991832289681459,0.9786666666666667,0.9888185369796578,30000.0
210000,50,10,28,MultiViewStacking,DoS,1.0,0.9982,0.9990991892703434,30000.0
210000,50,10,28,MultiViewStacking,Mirai,0.8438103341077915,0.8595333333333334,0.851599266830694,30000.0
210000,50,10,28,MultiViewStacking,Recon,0.9076509481944344,0.8328,0.8686159301880889,30000.0
210000,50,10,28,MultiViewStacking,Spoofing,0.8074686866673312,0.8101333333333334,0.8087988152881079,30000.0
210000,50,11,4534,SingleView,Benign,0.7625039025913206,0.8141,0.787457681766887,30000.0
210000,50,11,4534,SingleView,DDoS,0.9975814143616296,0.9761666666666666,0.9867578677808477,30000.0
210000,50,11,4534,SingleView,DoS,0.9998998297105078,0.9982,0.9990491918130411,30000.0
210000,50,11,4534,SingleView,Mirai,0.8400039497070634,0.8507,0.8453181411678977,30000.0
210000,50,11,4534,SingleView,Recon,0.8877283670868149,0.8357666666666667,0.8609642194904196,30000.0
210000,50,11,4534,SingleView,Spoofing,0.7782216451945804,0.7792333333333333,0.778727160678892,30000.0
210000,50,11,4534,MultiViewStacking,Benign,0.76372615176983,0.8299666666666666,0.7954697932973387,30000.0
210000,50,11,4534,MultiViewStacking,DDoS,0.9993530593482924,0.9783333333333334,0.9887314928666476,30000.0
210000,50,11,4534,MultiViewStacking,DoS,1.0,0.9982,0.9990991892703434,30000.0
210000,50,11,4534,MultiViewStacking,Mirai,0.847572239081673,0.8565,0.8520127329398501,30000.0
210000,50,11,4534,MultiViewStacking,Recon,0.9048631890118606,0.8366666666666667,0.8694296749164343,30000.0
210000,50,11,4534,MultiViewStacking,Spoofing,0.8091781004395897,0.8099333333333333,0.8095555407476511,30000.0
210000,50,12,9243,SingleView,Benign,0.765431325904595,0.8151333333333334,0.7895008716988442,30000.0
210000,50,12,9243,SingleView,DDoS,0.9970386003131595,0.9763666666666667,0.9865943615480481,30000.0
210000,50,12,9243,SingleView,DoS,0.9997996794871795,0.9982,0.9989991993594876,30000.0
210000,50,12,9243,SingleView,Mirai,0.8382246496018951,0.8492333333333333,0.8436930820942478,30000.0
210000,50,12,9243,SingleView,Recon,0.8858590478871258,0.8392333333333334,0.8619160918162989,30000.0
210000,50,12,9243,SingleView,Spoofing,0.782793325977196,0.7803666666666667,0.7815781127414159,30000.0
210000,50,12,9243,MultiViewStacking,Benign,0.7618101207766397,0.8305,0.7946734710150706,30000.0
210000,50,12,9243,MultiViewStacking,DDoS,0.9993530813755532,0.9783666666666667,0.9887485261916793,30000.0
210000,50,12,9243,MultiViewStacking,DoS,0.9999332175771337,0.9982,0.9990658570761326,30000.0
210000,50,12,9243,MultiViewStacking,Mirai,0.8456802317924405,0.8561666666666666,0.850891141588816,30000.0
210000,50,12,9243,MultiViewStacking,Recon,0.9079756834479997,0.8314333333333334,0.8680203928938073,30000.0
210000,50,12,9243,MultiViewStacking,Spoofing,0.8079577885445012,0.8115666666666667,0.8097582066717663,30000.0
210000,50,13,4857,SingleView,Benign,0.7595723520636499,0.8146666666666667,0.7861554297478126,30000.0
210000,50,13,4857,SingleView,DDoS,0.9972080354102826,0.9762666666666666,0.9866262422098703,30000.0
210000,50,13,4857,SingleView,DoS,0.9999332198070052,0.9982333333333333,0.9990825535038116,30000.0
210000,50,13,4857,SingleView,Mirai,0.8369679453494483,0.8494666666666667,0.8431709899417681,30000.0
210000,50,13,4857,SingleView,Recon,0.8899825255875325,0.8318666666666666,0.8599438328078427,30000.0
210000,50,13,4857,SingleView,Spoofing,0.7784848081023454,0.7789,0.7786923487070114,30000.0
210000,50,13,4857,MultiViewStacking,Benign,0.7606127722406792,0.8242,0.791130735265886,30000.0
210000,50,13,4857,MultiViewStacking,DDoS,0.9991833679267753,0.9788333333333333,0.9889036690296182,30000.0
210000,50,13,4857,MultiViewStacking,DoS,1.0,0.9982333333333333,0.9991158856990342,30000.0
210000,50,13,4857,MultiViewStacking,Mirai,0.84427195912753,0.8593,0.8517196947170186,30000.0
210000,50,13,4857,MultiViewStacking,Recon,0.9056603773584906,0.8336,0.8681373995452415,30000.0
210000,50,13,4857,MultiViewStacking,Spoofing,0.8092905461694825,0.8095333333333333,0.8094119215451016,30000.0
210000,50,14,6919,SingleView,Benign,0.7663106461615561,0.8155333333333333,0.7901561515978491,30000.0
210000,50,14,6919,SingleView,DDoS,0.9972420837589376,0.9763,0.9866599292572006,30000.0
210000,50,14,6919,SingleView,DoS,0.9998664440734557,0.9982,0.9990325271059216,30000.0
210000,50,14,6919,SingleView,Mirai,0.8377185760858827,0.8479666666666666,0.8428114698427949,30000.0
210000,50,14,6919,SingleView,Recon,0.8910144721402411,0.8352666666666667,0.8622404211757824,30000.0
210000,50,14,6919,SingleView,Spoofing,0.7779136238971681,0.7847333333333333,0.7813085973151022,30000.0
210000,50,14,6919,MultiViewStacking,Benign,0.761824168384774,0.8252333333333334,0.7922620285773717,30000.0
210000,50,14,6919,MultiViewStacking,DDoS,0.9990807884792156,0.9782,0.9885301399626093,30000.0
210000,50,14,6919,MultiViewStacking,DoS,1.0,0.9982,0.9990991892703434,30000.0
210000,50,14,6919,MultiViewStacking,Mirai,0.8486159741031909,0.8563666666666667,0.8524737034210439,30000.0
210000,50,14,6919,MultiViewStacking,Recon,0.9041937816341287,0.8336666666666667,0.8674991328477281,30000.0
210000,50,14,6919,MultiViewStacking,Spoofing,0.8053884297520661,0.8121,0.8087302904564315,30000.0
210000,50,15,2656,SingleView,Benign,0.7642857142857142,0.8167666666666666,0.7896551724137931,30000.0
210000,50,15,2656,SingleView,DDoS,0.9971397439389812,0.9761333333333333,0.9865247271257243,30000.0
210000,50,15,2656,SingleView,DoS,0.9998330662393162,0.9982333333333333,0.999032559380838,30000.0
210000,50,15,2656,SingleView,Mirai,0.837998750041117,0.8492,0.8435621926789292,30000.0
210000,50,15,2656,SingleView,Recon,0.8880636604774536,0.837,0.8617760617760618,30000.0
210000,50,15,2656,SingleView,Spoofing,0.7813919316056639,0.7799333333333334,0.7806619511544108,30000.0
210000,50,15,2656,MultiViewStacking,Benign,0.7551943548143903,0.8347666666666667,0.7929893446905527,30000.0
210000,50,15,2656,MultiViewStacking,DDoS,0.9994213159955067,0.9786666666666667,0.9889351095542045,30000.0
210000,50,15,2656,MultiViewStacking,DoS,1.0,0.9982,0.9990991892703434,30000.0
210000,50,15,2656,MultiViewStacking,Mirai,0.8432669635839665,0.8583333333333333,0.8507334478657328,30000.0
210000,50,15,2656,MultiViewStacking,Recon,0.9077742512130167,0.8294333333333334,0.8668373656616328,30000.0
210000,50,15,2656,MultiViewStacking,Spoofing,0.8144678548479827,0.8027666666666666,0.8085749299132099,30000.0
252000,60,1,2305,SingleView,Benign,0.7648299172067351,0.8221666666666667,0.7924625295185465,30000.0
252000,60,1,2305,SingleView,DDoS,0.9977181390913425,0.9765,0.98699504733668,30000.0
252000,60,1,2305,SingleView,DoS,0.9999666087885668,0.9982333333333333,0.9990992193234136,30000.0
252000,60,1,2305,SingleView,Mirai,0.837427627490105,0.8533666666666667,0.8453220187878688,30000.0
252000,60,1,2305,SingleView,Recon,0.8941770711058941,0.8379333333333333,0.8651420508319997,30000.0
252000,60,1,2305,SingleView,Spoofing,0.7870753100110899,0.7807,0.7838746925046438,30000.0
252000,60,1,2305,MultiViewStacking,Benign,0.7613284804367607,0.8367,0.7972367794187708,30000.0
252000,60,1,2305,MultiViewStacking,DDoS,0.9992514715389065,0.9789666666666667,0.9890050681079625,30000.0
252000,60,1,2305,MultiViewStacking,DoS,1.0,0.9982333333333333,0.9991158856990342,30000.0
252000,60,1,2305,MultiViewStacking,Mirai,0.8462266923554191,0.8638,0.8549230490078024,30000.0
252000,60,1,2305,MultiViewStacking,Recon,0.9087048061565268,0.8344333333333334,0.869986793633141,30000.0
252000,60,1,2305,MultiViewStacking,Spoofing,0.8202296670167,0.8071333333333334,0.8136288032795148,30000.0
252000,60,2,8986,SingleView,Benign,0.7665939545029604,0.82,0.7923981317442422,30000.0
252000,60,2,8986,SingleView,DDoS,0.9971747566206004,0.9765,0.9867290915827411,30000.0
252000,60,2,8986,SingleView,DoS,0.9998330662393162,0.9982333333333333,0.999032559380838,30000.0
252000,60,2,8986,SingleView,Mirai,0.8406322028317419,0.851,0.8457843299652145,30000.0
252000,60,2,8986,SingleView,Recon,0.8939625457517502,0.8385666666666667,0.8653789924493903,30000.0
252000,60,2,8986,SingleView,Spoofing,0.7822009378429612,0.784,0.7830994356490036,30000.0
252000,60,2,8986,MultiViewStacking,Benign,0.7669543773119606,0.8293333333333334,0.7969250480461243,30000.0
252000,60,2,8986,MultiViewStacking,DDoS,0.9989797306488913,0.9791333333333333,0.988956972594438,30000.0
252000,60,2,8986,MultiViewStacking,DoS,0.9999666076735566,0.9982,0.9990825228952241,30000.0
252000,60,2,8986,MultiViewStacking,Mirai,0.8523199788792819,0.8609,0.856588504527213,30000.0
252000,60,2,8986,MultiViewStacking,Recon,0.9055605542558934,0.8387,0.8708488362031669,30000.0
252000,60,2,8986,MultiViewStacking,Spoofing,0.8112675121173892,0.8145666666666667,0.8129137420578157,30000.0
252000,60,3,2125,SingleView,Benign,0.7653740819121125,0.8197666666666666,0.7916371595956995,30000.0
252000,60,3,2125,SingleView,DDoS,0.9974130301586221,0.9767333333333333,0.9869648691434538,30000.0
252000,60,3,2125,SingleView,DoS,0.9998998297105078,0.9982,0.9990491918130411,30000.0
252000,60,3,2125,SingleView,Mirai,0.8435704378838914,0.8515,0.8475166716432766,30000.0
252000,60,3,2125,SingleView,Recon,0.8938711849987594,0.8405666666666667,0.8663998213396094,30000.0
252000,60,3,2125,SingleView,Spoofing,0.7856096911608094,0.7868666666666667,0.7862376765254463,30000.0
252000,60,3,2125,MultiViewStacking,Benign,0.7663033494580859,0.8343,0.7988573617184258,30000.0
252000,60,3,2125,MultiViewStacking,DDoS,0.9994558008231013,0.9795,0.9893772832107204,30000.0
252000,60,3,2125,MultiViewStacking,DoS,1.0,0.9982666666666666,0.9991325815706946,30000.0
252000,60,3,2125,MultiViewStacking,Mirai,0.8531004424486561,0.8612333333333333,0.8571475964568889,30000.0
252000,60,3,2125,MultiViewStacking,Recon,0.9089326515069089,0.8354,0.8706164347871398,30000.0
252000,60,3,2125,MultiViewStacking,Spoofing,0.814669764354464,0.8182,0.8164310660236155,30000.0
252000,60,4,6477,SingleView,Benign,0.7680589373790347,0.8201333333333334,0.7932424154495922,30000.0
252000,60,4,6477,SingleView,DDoS,0.9974128540305011,0.9766666666666667,0.9869307464295338,30000.0
252000,60,4,6477,SingleView,DoS,0.9998664485326032,0.9982333333333333,0.9990492235325515,30000.0
252000,60,4,6477,SingleView,Mirai,0.8409300487419312,0.8511333333333333,0.8460009277052548,30000.0
252000,60,4,6477,SingleView,Recon,0.8898227275937566,0.8399333333333333,0.8641585788264344,30000.0
252000,60,4,6477,SingleView,Spoofing,0.7852254898688119,0.7841,0.7846623413446303,30000.0
252000,60,4,6477,MultiViewStacking,Benign,0.7601001719820173,0.8397333333333333,0.7979348463012527,30000.0
252000,60,4,6477,MultiViewStacking,DDoS,0.9989793835476628,0.9788,0.9887867461359733,30000.0
252000,60,4,6477,MultiViewStacking,DoS,0.9999332175771337,0.9982,0.9990658570761326,30000.0
252000,60,4,6477,MultiViewStacking,Mirai,0.8503885157381799,0.8609333333333333,0.8556284370237859,30000.0
252000,60,4,6477,MultiViewStacking,Recon,0.9116681260945709,0.8329,0.8705058528428093,30000.0
252000,60,4,6477,MultiViewStacking,Spoofing,0.8165797881284681,0.8093666666666667,0.8129572277559219,30000.0
252000,60,5,5661,SingleView,Benign,0.7654232424677188,0.8180333333333333,0.7908543069833393,30000.0
252000,60,5,5661,SingleView,DDoS,0.9968023948021907,0.9767666666666667,0.9866828290991128,30000.0
252000,60,5,5661,SingleView,DoS,0.9998664440734557,0.9982,0.9990325271059216,30000.0
252000,60,5,5661,SingleView,Mirai,0.8418276521395134,0.8512,0.8464878841117778,30000.0
252000,60,5,5661,SingleView,Recon,0.8924288653941673,0.8384666666666667,0.864606606400165,30000.0
252000,60,5,5661,SingleView,Spoofing,0.7826809883276247,0.7845333333333333,0.7836060661550499,30000.0
252000,60,5,5661,MultiViewStacking,Benign,0.7675260896255371,0.8335333333333333,0.7991690635985939,30000.0
252000,60,5,5661,MultiViewStacking,DDoS,0.9988103735427076,0.9795333333333334,0.9890779354100402,30000.0
252000,60,5,5661,MultiViewStacking,DoS,1.0,0.9982,0.9990991892703434,30000.0
252000,60,5,5661,MultiViewStacking,Mirai,0.851971835641797,0.8591,0.8555210701897064,30000.0
252000,60,5,5661,MultiViewStacking,Recon,0.9098182608066034,0.8377,0.8722710076012634,30000.0
252000,60,5,5661,MultiViewStacking,Spoofing,0.8114314115308151,0.8163,0.8138584247258225,30000.0
252000,60,6,9651,SingleView,Benign,0.7653399411491405,0.8236333333333333,0.7934173557036205,30000.0
252000,60,6,9651,SingleView,DDoS,0.9974456780873238,0.9762333333333333,0.9867255146389946,30000.0
252000,60,6,9651,SingleView,DoS,0.9999332175771337,0.9982,0.9990658570761326,30000.0
252000,60,6,9651,SingleView,Mirai,0.840492008156285,0.8518666666666667,0.8461411118100851,30000.0
252000,60,6,9651,SingleView,Recon,0.8950307686835272,0.8387333333333333,0.8659680278078915,30000.0
252000,60,6,9651,SingleView,Spoofing,0.7844475674228736,0.7814666666666666,0.7829542797982834,30000.0
252000,60,6,9651,MultiViewStacking,Benign,0.7658148045637666,0.8300666666666666,0.7966473119311547,30000.0
252000,60,6,9651,MultiViewStacking,DDoS,0.9989114905775903,0.9788666666666667,0.9887875012626688,30000.0
252000,60,6,9651,MultiViewStacking,DoS,1.0,0.9982,0.9990991892703434,30000.0
252000,60,6,9651,MultiViewStacking,Mirai,0.8505512588448247,0.8614666666666667,0.8559741657696448,30000.0
252000,60,6,9651,MultiViewStacking,Recon,0.9057876885328715,0.8367666666666667,0.8699102470804311,30000.0
252000,60,6,9651,MultiViewStacking,Spoofing,0.8123501997336884,0.8134333333333333,0.8128914057295137,30000.0
252000,60,7,7167,SingleView,Benign,0.7667124828189429,0.8181333333333334,0.7915887247629491,30000.0
252000,60,7,7167,SingleView,DDoS,0.9968014155437593,0.9764666666666667,0.9865292651714151,30000.0
252000,60,7,7167,SingleView,DoS,0.9998998330550918,0.9982333333333333,0.9990658882402002,30000.0
252000,60,7,7167,SingleView,Mirai,0.8402519041181707,0.8494666666666667,0.844834159359512,30000.0
252000,60,7,7167,SingleView,Recon,0.8907177168691721,0.8406,0.8649334613801619,30000.0
252000,60,7,7167,SingleView,Spoofing,0.7843646905928221,0.7846,0.7844823276508524,30000.0
252000,60,7,7167,MultiViewStacking,Benign,0.7680940334423397,0.8299,0.797801775242734,30000.0
252000,60,7,7167,MultiViewStacking,DDoS,0.9989459725952875,0.9793333333333333,0.9890424332194375,30000.0
252000,60,7,7167,MultiViewStacking,DoS,1.0,0.9982333333333333,0.9991158856990342,30000.0
252000,60,7,7167,MultiViewStacking,Mirai,0.8517258464079274,0.8595333333333334,0.8556117793446703,30000.0
252000,60,7,7167,MultiViewStacking,Recon,0.9068846320034567,0.8395333333333334,0.8719102679498719,30000.0
252000,60,7,7167,MultiViewStacking,Spoofing,0.8121334614492561,0.8170333333333333,0.814576028979246,30000.0
252000,60,8,1989,SingleView,Benign,0.7668160039823284,0.8215666666666667,0.7932477229570982,30000.0
252000,60,8,1989,SingleView,DDoS,0.9970733367364302,0.9766333333333334,0.9867474951587101,30000.0
252000,60,8,1989,SingleView,DoS,0.9999332198070052,0.9982333333333333,0.9990825535038116,30000.0
252000,60,8,1989,SingleView,Mirai,0.8425402492644385,0.8495333333333334,0.8460223406197613,30000.0
252000,60,8,1989,SingleView,Recon,0.893774194694037,0.8388666666666666,0.8654504186942242,30000.0
252000,60,8,1989,SingleView,Spoofing,0.7834849591606349,0.7865666666666666,0.7850227885159187,30000.0
252000,60,8,1989,MultiViewStacking,Benign,0.7625569389614334,0.8370333333333333,0.7980613379945972,30000.0
252000,60,8,1989,MultiViewStacking,DDoS,0.9988782759441177,0.9795333333333334,0.9891112270485871,30000.0
252000,60,8,1989,MultiViewStacking,DoS,0.9999666076735566,0.9982,0.9990825228952241,30000.0
252000,60,8,1989,MultiViewStacking,Mirai,0.8518224252656669,0.8577,0.854751108675071,30000.0
252000,60,8,1989,MultiViewStacking,Recon,0.9102526866105141,0.8357333333333333,0.871402752676213,30000.0
252000,60,8,1989,MultiViewStacking,Spoofing,0.8134744432944947,0.8122,0.8128367220989775,30000.0
252000,60,9,8140,SingleView,Benign,0.7638035863090645,0.8249333333333333,0.7931924167881925,30000.0
252000,60,9,8140,SingleView,DDoS,0.9969375255206206,0.9766,0.986663972519701,30000.0
252000,60,9,8140,SingleView,DoS,0.9999332131169438,0.9981333333333333,0.999032462549628,30000.0
252000,60,9,8140,SingleView,Mirai,0.844478283898305,0.8503333333333334,0.8473956949242626,30000.0
252000,60,9,8140,SingleView,Recon,0.8984380571999144,0.8398,0.8681299748458013,30000.0
252000,60,9,8140,SingleView,Spoofing,0.7854406130268199,0.7858333333333334,0.7856369241023078,30000.0
252000,60,9,8140,MultiViewStacking,Benign,0.7648921128665396,0.8295,0.7958870374516264,30000.0
252000,60,9,8140,MultiViewStacking,DDoS,0.9988440485499609,0.9793,0.9889754767475132,30000.0
252000,60,9,8140,MultiViewStacking,DoS,0.999966604328079,0.9981,0.9990324302682504,30000.0
252000,60,9,8140,MultiViewStacking,Mirai,0.8547541636255059,0.8588,0.8567723055435469,30000.0
252000,60,9,8140,MultiViewStacking,Recon,0.9056895930860641,0.8383666666666667,0.8707287519473775,30000.0
252000,60,9,8140,MultiViewStacking,Spoofing,0.810610325529026,0.8159333333333333,0.8132631194245561,30000.0
252000,60,10,28,SingleView,Benign,0.7635834211015426,0.8216666666666667,0.7915609646446806,30000.0
252000,60,10,28,SingleView,DDoS,0.9976843180657246,0.9765666666666667,0.987012549482018,30000.0
252000,60,10,28,SingleView,DoS,0.9999332220367279,0.9982666666666666,0.9990992493744787,30000.0
252000,60,10,28,SingleView,Mirai,0.8420879193303895,0.8518,0.8469161170582972,30000.0
252000,60,10,28,SingleView,Recon,0.8956586879748868,0.8369333333333333,0.8653007771440387,30000.0
252000,60,10,28,SingleView,Spoofing,0.7848721023181455,0.7855,0.7851859256297481,30000.0
252000,60,10,28,MultiViewStacking,Benign,0.7669355831999015,0.8302333333333334,0.7973301747871182,30000.0
252000,60,10,28,MultiViewStacking,DDoS,0.9994214735409223,0.9789333333333333,0.9890713143049592,30000.0
252000,60,10,28,MultiViewStacking,DoS,1.0,0.9982,0.9990991892703434,30000.0
252000,60,10,28,MultiViewStacking,Mirai,0.8500689564589217,0.8629333333333333,0.8564528401760015,30000.0
252000,60,10,28,MultiViewStacking,Recon,0.9102031898623553,0.8332,0.8700010441683199,30000.0
252000,60,10,28,MultiViewStacking,Spoofing,0.8096905241602537,0.8171666666666667,0.813411417290177,30000.0
252000,60,11,4534,SingleView,Benign,0.7646457449115523,0.8227333333333333,0.7926267281105991,30000.0
252000,60,11,4534,SingleView,DDoS,0.9974470692354823,0.9767666666666667,0.986998551652127,30000.0
252000,60,11,4534,SingleView,DoS,0.9998664485326032,0.9982333333333333,0.9990492235325515,30000.0
252000,60,11,4534,SingleView,Mirai,0.8434576360521808,0.8534666666666667,0.8484326330439393,30000.0
252000,60,11,4534,SingleView,Recon,0.8935724431818182,0.8387666666666667,0.865302613480055,30000.0
252000,60,11,4534,SingleView,Spoofing,0.7863837193734101,0.7831333333333333,0.7847551606653751,30000.0
252000,60,11,4534,MultiViewStacking,Benign,0.7665282949758867,0.8371,0.8002613046110704,30000.0
252000,60,11,4534,MultiViewStacking,DDoS,0.9991500067999456,0.9795666666666667,0.9892614286676092,30000.0
252000,60,11,4534,MultiViewStacking,DoS,0.9999666099035026,0.9982666666666666,0.9991159151945821,30000.0
252000,60,11,4534,MultiViewStacking,Mirai,0.8540997184031804,0.8593666666666666,0.8567250976156849,30000.0
252000,60,11,4534,MultiViewStacking,Recon,0.9099912929908577,0.8361,0.8714821763602252,30000.0
252000,60,11,4534,MultiViewStacking,Spoofing,0.8117697822623473,0.8152333333333334,0.8134978712080894,30000.0
252000,60,12,9243,SingleView,Benign,0.7680269351872058,0.8212,0.7937239235143451,30000.0
252000,60,12,9243,SingleView,DDoS,0.9970050709593983,0.9765,0.9866460098007848,30000.0
252000,60,12,9243,SingleView,DoS,0.9999332175771337,0.9982,0.9990658570761326,30000.0
252000,60,12,9243,SingleView,Mirai,0.8412348038085198,0.8511333333333333,0.84615512070651,30000.0
252000,60,12,9243,SingleView,Recon,0.8921630980142746,0.8416666666666667,0.866179547871428,30000.0
252000,60,12,9243,SingleView,Spoofing,0.7857166716771887,0.7840666666666667,0.7848908020087759,30000.0
252000,60,12,9243,MultiViewStacking,Benign,0.7633083896088094,0.8364333333333334,0.798199573750676,30000.0
252000,60,12,9243,MultiViewStacking,DDoS,0.9992174208914597,0.9789,0.9889543694224617,30000.0
252000,60,12,9243,MultiViewStacking,DoS,0.9999666076735566,0.9982,0.9990825228952241,30000.0
252000,60,12,9243,MultiViewStacking,Mirai,0.8521110487571386,0.8604333333333334,0.8562519695487039,30000.0
252000,60,12,9243,MultiViewStacking,Recon,0.9070061851195428,0.8358666666666666,0.8699845612087359,30000.0
252000,60,12,9243,MultiViewStacking,Spoofing,0.8189219069315555,0.8148,0.8168557536466775,30000.0
252000,60,13,4857,SingleView,Benign,0.7646217912859717,0.8201333333333334,0.7914053202097204,30000.0
252000,60,13,4857,SingleView,DDoS,0.9971742756953665,0.9763333333333334,0.986643760631937,30000.0
252000,60,13,4857,SingleView,DoS,0.9999332198070052,0.9982333333333333,0.9990825535038116,30000.0
252000,60,13,4857,SingleView,Mirai,0.8410528396363157,0.8510333333333333,0.8460136523295115,30000.0
252000,60,13,4857,SingleView,Recon,0.8928355555555556,0.8370333333333333,0.8640344086021505,30000.0
252000,60,13,4857,SingleView,Spoofing,0.7850694560111929,0.7855666666666666,0.785317982638831,30000.0
252000,60,13,4857,MultiViewStacking,Benign,0.7605411156710746,0.8339333333333333,0.7955481357818587,30000.0
252000,60,13,4857,MultiViewStacking,DDoS,0.9989122306071113,0.9795333333333334,0.9891278737083039,30000.0
252000,60,13,4857,MultiViewStacking,DoS,1.0,0.9982,0.9990991892703434,30000.0
252000,60,13,4857,MultiViewStacking,Mirai,0.8501232539030402,0.8621666666666666,0.8561026065370294,30000.0
252000,60,13,4857,MultiViewStacking,Recon,0.9073161897863093,0.8350333333333333,0.8696754035757681,30000.0
252000,60,13,4857,MultiViewStacking,Spoofing,0.8191947754662358,0.8111666666666667,0.8151609553478713,30000.0
252000,60,14,6919,SingleView,Benign,0.7670066435856648,0.8197,0.792478368057234,30000.0
252000,60,14,6919,SingleView,DDoS,0.9974807653026486,0.9766666666666667,0.9869639909724796,30000.0
252000,60,14,6919,SingleView,DoS,0.9998998297105078,0.9982,0.9990491918130411,30000.0
252000,60,14,6919,SingleView,Mirai,0.8422147385103012,0.8503,0.8462380573248408,30000.0
252000,60,14,6919,SingleView,Recon,0.8928394010361224,0.8387333333333333,0.8649410470592279,30000.0
252000,60,14,6919,SingleView,Spoofing,0.7820274663305248,0.7858333333333334,0.7839257806005386,30000.0
252000,60,14,6919,MultiViewStacking,Benign,0.7639981631715904,0.8318666666666666,0.7964892683316046,30000.0
252000,60,14,6919,MultiViewStacking,DDoS,0.9991836734693877,0.9792,0.9890909090909091,30000.0
252000,60,14,6919,MultiViewStacking,DoS,1.0,0.9982,0.9990991892703434,30000.0
252000,60,14,6919,MultiViewStacking,Mirai,0.8523831559463212,0.8596,0.855976366714243,30000.0
252000,60,14,6919,MultiViewStacking,Recon,0.9079323702979617,0.8359333333333333,0.8704465385883619,30000.0
252000,60,14,6919,MultiViewStacking,Spoofing,0.8098226738394102,0.8129,0.8113584190038926,30000.0
252000,60,15,2656,SingleView,Benign,0.7668713568779028,0.8200666666666667,0.7925774391520756,30000.0
252000,60,15,2656,SingleView,DDoS,0.9968351199591629,0.9764,0.9865117453902501,30000.0
252000,60,15,2656,SingleView,DoS,0.9998330662393162,0.9982333333333333,0.999032559380838,30000.0
252000,60,15,2656,SingleView,Mirai,0.8419666084894787,0.8522666666666666,0.8470853280765981,30000.0
252000,60,15,2656,SingleView,Recon,0.893236920459379,0.84,0.8658008658008658,30000.0
252000,60,15,2656,SingleView,Spoofing,0.7853214678532147,0.7854,0.7853607319634018,30000.0
252000,60,15,2656,MultiViewStacking,Benign,0.7633141499954326,0.8356,0.7978230772903041,30000.0
252000,60,15,2656,MultiViewStacking,DDoS,0.9991840342705607,0.9796333333333334,0.9893121034117113,30000.0
252000,60,15,2656,MultiViewStacking,DoS,1.0,0.9982,0.9990991892703434,30000.0
252000,60,15,2656,MultiViewStacking,Mirai,0.8515846346445279,0.8616333333333334,0.8565795141995559,30000.0
252000,60,15,2656,MultiViewStacking,Recon,0.9046266671459898,0.8388,0.8704706228271961,30000.0
252000,60,15,2656,MultiViewStacking,Spoofing,0.8208174423706504,0.8106666666666666,0.8157104764460246,30000.0
294000,70,1,2305,SingleView,Benign,0.7686006825938566,0.8257333333333333,0.796143339225454,30000.0
294000,70,1,2305,SingleView,DDoS,0.9977186052846636,0.9767,0.987097426222881,30000.0
294000,70,1,2305,SingleView,DoS,0.9999332198070052,0.9982333333333333,0.9990825535038116,30000.0
294000,70,1,2305,SingleView,Mirai,0.840998427672956,0.8558,0.848334655035686,30000.0
294000,70,1,2305,SingleView,Recon,0.8966105308036666,0.8412,0.8680218759673924,30000.0
294000,70,1,2305,SingleView,Spoofing,0.7909264918230968,0.7851,0.7880024757858111,30000.0
294000,70,1,2305,MultiViewStacking,Benign,0.771217599117593,0.8390333333333333,0.8036974360611769,30000.0
294000,70,1,2305,MultiViewStacking,DDoS,0.9992859085963003,0.9795666666666667,0.9893280366280636,30000.0
294000,70,1,2305,MultiViewStacking,DoS,1.0,0.9982,0.9990991892703434,30000.0
294000,70,1,2305,MultiViewStacking,Mirai,0.8555397867916433,0.8640666666666666,0.859782085938407,30000.0
294000,70,1,2305,MultiViewStacking,Recon,0.9099912929908577,0.8361,0.8714821763602252,30000.0
294000,70,1,2305,MultiViewStacking,Spoofing,0.8167191905788688,0.8206666666666667,0.8186881702552166,30000.0
294000,70,2,8986,SingleView,Benign,0.7649800882906801,0.826,0.7943198756270735,30000.0
294000,70,2,8986,SingleView,DDoS,0.9972772445715063,0.9767333333333333,0.9868983867165134,30000.0
294000,70,2,8986,SingleView,DoS,0.9998330662393162,0.9982333333333333,0.999032559380838,30000.0
294000,70,2,8986,SingleView,Mirai,0.8442690618498828,0.8522333333333333,0.848232503359156,30000.0
294000,70,2,8986,SingleView,Recon,0.8966692706483914,0.8417333333333333,0.868333276022145,30000.0
294000,70,2,8986,SingleView,Spoofing,0.7902977068526217,0.7857666666666666,0.7880256735976466,30000.0
294000,70,2,8986,MultiViewStacking,Benign,0.772935212660732,0.8335333333333333,0.8020913523222992,30000.0
294000,70,2,8986,MultiViewStacking,DDoS,0.9989122306071113,0.9795333333333334,0.9891278737083039,30000.0
294000,70,2,8986,MultiViewStacking,DoS,0.9999666076735566,0.9982,0.9990825228952241,30000.0
294000,70,2,8986,MultiViewStacking,Mirai,0.8493660959351719,0.8664666666666667,0.8578311662596528,30000.0
294000,70,2,8986,MultiViewStacking,Recon,0.909480430634069,0.8419666666666666,0.874422307998546,30000.0
294000,70,2,8986,MultiViewStacking,Spoofing,0.8212064468668495,0.8186333333333333,0.8199178713317531,30000.0
294000,70,3,2125,SingleView,Benign,0.769101386076935,0.8230666666666666,0.7951694710570808,30000.0
294000,70,3,2125,SingleView,DDoS,0.9975492698866537,0.9769,0.9871166574041328,30000.0
294000,70,3,2125,SingleView,DoS,0.999766316140878,0.9982666666666666,0.9990159286131265,30000.0
294000,70,3,2125,SingleView,Mirai,0.8457420442153266,0.8531,0.8494050878677751,30000.0
294000,70,3,2125,SingleView,Recon,0.896474756421612,0.8434333333333334,0.869145556032632,30000.0
294000,70,3,2125,SingleView,Spoofing,0.7885286783042394,0.7905,0.7895131086142322,30000.0
294000,70,3,2125,MultiViewStacking,Benign,0.7705346705223651,0.8349,0.8014270630019518,30000.0
294000,70,3,2125,MultiViewStacking,DDoS,0.9990482988341661,0.9797666666666667,0.9893135423503475,30000.0
294000,70,3,2125,MultiViewStacking,DoS,1.0,0.9982666666666666,0.9991325815706946,30000.0
294000,70,3,2125,MultiViewStacking,Mirai,0.8561573753176882,0.8646333333333334,0.8603744796590211,30000.0
294000,70,3,2125,MultiViewStacking,Recon,0.9093568307392293,0.8393666666666667,0.8729611204520635,30000.0
294000,70,3,2125,MultiViewStacking,Spoofing,0.8150446295251684,0.8187666666666666,0.8169014084507042,30000.0
294000,70,4,6477,SingleView,Benign,0.7713599950126243,0.8248666666666666,0.7972165396820283,30000.0
294000,70,4,6477,SingleView,DDoS,0.9971414959504526,0.9767333333333333,0.9868319132455461,30000.0
294000,70,4,6477,SingleView,DoS,0.9998330662393162,0.9982333333333333,0.999032559380838,30000.0
294000,70,4,6477,SingleView,Mirai,0.8452589483425323,0.8525,0.8488640323945765,30000.0
294000,70,4,6477,SingleView,Recon,0.8957337581872897,0.8433333333333334,0.8687440982058546,30000.0
294000,70,4,6477,SingleView,Spoofing,0.787792147345324,0.7898666666666667,0.7888280430766158,30000.0
294000,70,4,6477,MultiViewStacking,Benign,0.7688088014464772,0.8362333333333334,0.8011048841627948,30000.0
294000,70,4,6477,MultiViewStacking,DDoS,0.9985051809070834,0.9797,0.9890132077058972,30000.0
294000,70,4,6477,MultiViewStacking,DoS,0.9999666076735566,0.9982,0.9990825228952241,30000.0
294000,70,4,6477,MultiViewStacking,Mirai,0.8524325570670971,0.8626333333333334,0.8575026093871668,30000.0
294000,70,4,6477,MultiViewStacking,Recon,0.907302865772536,0.8411,0.8729480548684506,30000.0
294000,70,4,6477,MultiViewStacking,Spoofing,0.8192641781534025,0.8142666666666667,0.8167577778892288,30000.0
294000,70,5,5661,SingleView,Benign,0.7688859837519844,0.8234,0.7952098121589647,30000.0
294000,70,5,5661,SingleView,DDoS,0.9963957837470249,0.9768,0.9865005891264097,30000.0
294000,70,5,5661,SingleView,DoS,0.9999332175771337,0.9982,0.9990658570761326,30000.0
294000,70,5,5661,SingleView,Mirai,0.8437356132851036,0.8552666666666666,0.8494620096010594,30000.0
294000,70,5,5661,SingleView,Recon,0.8972201512408137,0.8424,0.8689463097632678,30000.0
294000,70,5,5661,SingleView,Spoofing,0.7870933262074955,0.7854666666666666,0.7862791551269646,30000.0
294000,70,5,5661,MultiViewStacking,Benign,0.7717187259578396,0.8359,0.8025282022561805,30000.0
294000,70,5,5661,MultiViewStacking,DDoS,0.9990485575452784,0.9800333333333333,0.9894495953154184,30000.0
294000,70,5,5661,MultiViewStacking,DoS,0.9999666076735566,0.9982,0.9990825228952241,30000.0
294000,70,5,5661,MultiViewStacking,Mirai,0.8520036728536762,0.8660333333333333,0.8589612192944754,30000.0
294000,70,5,5661,MultiViewStacking,Recon,0.9105617489503403,0.8385666666666667,0.873082529326022,30000.0
294000,70,5,5661,MultiViewStacking,Spoofing,0.8184756890058986,0.8186666666666667,0.8185711666972186,30000.0
294000,70,6,9651,SingleView,Benign,0.768093023255814,0.8257,0.7958554216867469,30000.0
294000,70,6,9651,SingleView,DDoS,0.9970730379143693,0.9765333333333334,0.9866963052776936,30000.0
294000,70,6,9651,SingleView,DoS,0.9999332175771337,0.9982,0.9990658570761326,30000.0
294000,70,6,9651,SingleView,Mirai,0.8435114503816794,0.8545333333333334,0.8489866207444695,30000.0
294000,70,6,9651,SingleView,Recon,0.8976868327402135,0.8408333333333333,0.8683304647160068,30000.0
294000,70,6,9651,SingleView,Spoofing,0.7882919005613472,0.7864,0.7873448137765319,30000.0
294000,70,6,9651,MultiViewStacking,Benign,0.7654569892473119,0.8352666666666667,0.7988395817393522,30000.0
294000,70,6,9651,MultiViewStacking,DDoS,0.9991499489969398,0.9795,0.9892274027941425,30000.0
294000,70,6,9651,MultiViewStacking,DoS,0.9999666076735566,0.9982,0.9990825228952241,30000.0
294000,70,6,9651,MultiViewStacking,Mirai,0.8513411718468542,0.8664666666666667,0.8588373283993854,30000.0
294000,70,6,9651,MultiViewStacking,Recon,0.909866724770309,0.8351666666666666,0.8709178441698385,30000.0
294000,70,6,9651,MultiViewStacking,Spoofing,0.817407916345477,0.8129666666666666,0.815181242375119,30000.0
294000,70,7,7167,SingleView,Benign,0.7698020571144464,0.8257666666666666,0.7968028819092648,30000.0
294000,70,7,7167,SingleView,DDoS,0.9972087956974607,0.9765333333333334,0.9867627740914143,30000.0
294000,70,7,7167,SingleView,DoS,0.9998998330550918,0.9982333333333333,0.9990658882402002,30000.0
294000,70,7,7167,SingleView,Mirai,0.8456808489536844,0.8527,0.849175919932281,30000.0
294000,70,7,7167,SingleView,Recon,0.8970671578350807,0.8442,0.8698310207446078,30000.0
294000,70,7,7167,SingleView,Spoofing,0.7887037654115295,0.7889666666666667,0.7888351941343109,30000.0
294000,70,7,7167,MultiViewStacking,Benign,0.7710624403166682,0.8343666666666667,0.8014664681491442,30000.0
294000,70,7,7167,MultiViewStacking,DDoS,0.9991499200924887,0.9794666666666667,0.9892103889982999,30000.0
294000,70,7,7167,MultiViewStacking,DoS,1.0,0.9982,0.9990991892703434,30000.0
294000,70,7,7167,MultiViewStacking,Mirai,0.8532805802835477,0.8626666666666667,0.857947952925576,30000.0
294000,70,7,7167,MultiViewStacking,Recon,0.909434097936291,0.8431666666666666,0.8750475663334141,30000.0
294000,70,7,7167,MultiViewStacking,Spoofing,0.8190292296424528,0.8200666666666667,0.8195476198407675,30000.0
294000,70,8,1989,SingleView,Benign,0.7687197317769775,0.8254,0.7960522085771233,30000.0
294000,70,8,1989,SingleView,DDoS,0.997209270666712,0.9767,0.9868480878365862,30000.0
294000,70,8,1989,SingleView,DoS,0.9998998330550918,0.9982333333333333,0.9990658882402002,30000.0
294000,70,8,1989,SingleView,Mirai,0.8456426871198096,0.8526333333333334,0.8491236223609082,30000.0
294000,70,8,1989,SingleView,Recon,0.8954964539007092,0.8417666666666667,0.8678006872852234,30000.0
294000,70,8,1989,SingleView,Spoofing,0.7873496184223682,0.7875333333333333,0.7874414651623978,30000.0
294000,70,8,1989,MultiViewStacking,Benign,0.7660014602092967,0.8393333333333334,0.8009924926835476,30000.0
294000,70,8,1989,MultiViewStacking,DDoS,0.9986072423398329,0.9799,0.9891651805242437,30000.0
294000,70,8,1989,MultiViewStacking,DoS,1.0,0.9982,0.9990991892703434,30000.0
294000,70,8,1989,MultiViewStacking,Mirai,0.8550786791145714,0.864,0.859516190539353,30000.0
294000,70,8,1989,MultiViewStacking,Recon,0.9091566875293947,0.8376666666666667,0.8719487864540865,30000.0
294000,70,8,1989,MultiViewStacking,Spoofing,0.8205438066465257,0.8148,0.8176618163572503,30000.0
294000,70,9,8140,SingleView,Benign,0.7681549552894582,0.8275333333333333,0.7967393571783886,30000.0
294000,70,9,8140,SingleView,DDoS,0.9969721711913996,0.9768333333333333,0.986800013469374,30000.0
294000,70,9,8140,SingleView,DoS,0.999732932732432,0.9982333333333333,0.9989825702610291,30000.0
294000,70,9,8140,SingleView,Mirai,0.8454003970880212,0.8516,0.8484888741281966,30000.0
294000,70,9,8140,SingleView,Recon,0.8988061398521887,0.8432,0.8701155751238305,30000.0
294000,70,9,8140,SingleView,Spoofing,0.7896089161772557,0.7887666666666666,0.7891875667022412,30000.0
294000,70,9,8140,MultiViewStacking,Benign,0.7698381124338219,0.8385333333333334,0.8027187006397881,30000.0
294000,70,9,8140,MultiViewStacking,DDoS,0.9990485898742779,0.9800666666666666,0.9894665993605923,30000.0
294000,70,9,8140,MultiViewStacking,DoS,0.9999666076735566,0.9982,0.9990825228952241,30000.0
294000,70,9,8140,MultiViewStacking,Mirai,0.8548647491021713,0.8648666666666667,0.8598366224254776,30000.0
294000,70,9,8140,MultiViewStacking,Recon,0.9099688924256674,0.8385666666666667,0.8728099087534261,30000.0
294000,70,9,8140,MultiViewStacking,Spoofing,0.8186583859227353,0.8172666666666667,0.8179619343108309,30000.0
294000,70,10,28,SingleView,Benign,0.7687110834371108,0.8230333333333333,0.7949452672247264,30000.0
294000,70,10,28,SingleView,DDoS,0.9973785449222075,0.9765333333333334,0.9868458727030806,30000.0
294000,70,10,28,SingleView,DoS,0.9999332198070052,0.9982333333333333,0.9990825535038116,30000.0
294000,70,10,28,SingleView,Mirai,0.8446819741356558,0.8534666666666667,0.8490515983552195,30000.0
294000,70,10,28,SingleView,Recon,0.8981959221435434,0.8414,0.8688707984097207,30000.0
294000,70,10,28,SingleView,Spoofing,0.7860199714693296,0.7897666666666666,0.7878888648720549,30000.0
294000,70,10,28,MultiViewStacking,Benign,0.7708192697146364,0.8373666666666667,0.8027160888320818,30000.0
294000,70,10,28,MultiViewStacking,DDoS,0.9994897091342065,0.9793333333333333,0.9893088643825237,30000.0
294000,70,10,28,MultiViewStacking,DoS,1.0,0.9982,0.9990991892703434,30000.0
294000,70,10,28,MultiViewStacking,Mirai,0.8513766284907951,0.8648,0.8580358176376234,30000.0
294000,70,10,28,MultiViewStacking,Recon,0.9118095376351891,0.8374666666666667,0.8730583452062411,30000.0
294000,70,10,28,MultiViewStacking,Spoofing,0.8191864722721524,0.8203333333333334,0.8197595016821558,30000.0
294000,70,11,4534,SingleView,Benign,0.7679532380775654,0.8277,0.7967080565983251,30000.0
294000,70,11,4534,SingleView,DDoS,0.9970400108873163,0.9768333333333333,0.9868332435344828,30000.0
294000,70,11,4534,SingleView,DoS,0.9999332220367279,0.9982666666666666,0.9990992493744787,30000.0
294000,70,11,4534,SingleView,Mirai,0.8455770628261875,0.8533,0.8494209775359193,30000.0
294000,70,11,4534,SingleView,Recon,0.8969712015888779,0.8430333333333333,0.86916626572273,30000.0
294000,70,11,4534,SingleView,Spoofing,0.7902458632009111,0.7864,0.7883182410532296,30000.0
294000,70,11,4534,MultiViewStacking,Benign,0.7706540447504303,0.8358,0.801906102085199,30000.0
294000,70,11,4534,MultiViewStacking,DDoS,0.9992521331203046,0.9798333333333333,0.9894474645303533,30000.0
294000,70,11,4534,MultiViewStacking,DoS,1.0,0.9982333333333333,0.9991158856990342,30000.0
294000,70,11,4534,MultiViewStacking,Mirai,0.8567121653856348,0.8619666666666667,0.8593313837564801,30000.0
294000,70,11,4534,MultiViewStacking,Recon,0.9073861186952148,0.8419333333333333,0.873435230652189,30000.0
294000,70,11,4534,MultiViewStacking,Spoofing,0.8202460106382978,0.8224333333333333,0.8213382157123835,30000.0
294000,70,12,9243,SingleView,Benign,0.7693743002861052,0.8246666666666667,0.7960615226205032,30000.0
294000,70,12,9243,SingleView,DDoS,0.9971748527860036,0.9765333333333334,0.9867461560484346,30000.0
294000,70,12,9243,SingleView,DoS,0.9999332198070052,0.9982333333333333,0.9990825535038116,30000.0
294000,70,12,9243,SingleView,Mirai,0.8445903586630151,0.8532333333333333,0.8488898469497737,30000.0
294000,70,12,9243,SingleView,Recon,0.8956030372594032,0.8453,0.8697247706422019,30000.0
294000,70,12,9243,SingleView,Spoofing,0.7903258178898775,0.7875333333333333,0.788927104551374,30000.0
294000,70,12,9243,MultiViewStacking,Benign,0.7683724627048178,0.8378333333333333,0.8016009695114172,30000.0
294000,70,12,9243,MultiViewStacking,DDoS,0.998946474086661,0.9798,0.9892806058056374,30000.0
294000,70,12,9243,MultiViewStacking,DoS,1.0,0.9982,0.9990991892703434,30000.0
294000,70,12,9243,MultiViewStacking,Mirai,0.8511896979997385,0.8681,0.8595616872400819,30000.0
294000,70,12,9243,MultiViewStacking,Recon,0.9104591281642127,0.8368333333333333,0.8720950429013096,30000.0
294000,70,12,9243,MultiViewStacking,Spoofing,0.8234107641106666,0.8164666666666667,0.8199240129211508,30000.0
294000,70,13,4857,SingleView,Benign,0.7669491525423728,0.8265666666666667,0.7956426875441186,30000.0
294000,70,13,4857,SingleView,DDoS,0.9975146397930001,0.9766333333333334,0.9869635518426194,30000.0
294000,70,13,4857,SingleView,DoS,0.9999332198070052,0.9982333333333333,0.9990825535038116,30000.0
294000,70,13,4857,SingleView,Mirai,0.845639804155088,0.8520666666666666,0.8488410705983928,30000.0
294000,70,13,4857,SingleView,Recon,0.8962170233947238,0.8402333333333334,0.8673227127275229,30000.0
294000,70,13,4857,SingleView,Spoofing,0.7884172973693861,0.7882333333333333,0.7883253046188722,30000.0
294000,70,13,4857,MultiViewStacking,Benign,0.7702264372432115,0.8311,0.7995061807570826,30000.0
294000,70,13,4857,MultiViewStacking,DDoS,0.9989805280864512,0.9799,0.9893482760361452,30000.0
294000,70,13,4857,MultiViewStacking,DoS,1.0,0.9982,0.9990991892703434,30000.0
294000,70,13,4857,MultiViewStacking,Mirai,0.8552191894127378,0.8616333333333334,0.8584142797841428,30000.0
294000,70,13,4857,MultiViewStacking,Recon,0.90598474266681,0.8432,0.8734655824312425,30000.0
294000,70,13,4857,MultiViewStacking,Spoofing,0.8178013948854201,0.8208,0.8192979537514556,30000.0
294000,70,14,6919,SingleView,Benign,0.7691517509727627,0.8236333333333333,0.7954607645875251,30000.0
294000,70,14,6919,SingleView,DDoS,0.9974475905254561,0.9769666666666666,0.9871009026000269,30000.0
294000,70,14,6919,SingleView,DoS,0.9998998330550918,0.9982333333333333,0.9990658882402002,30000.0
294000,70,14,6919,SingleView,Mirai,0.8452125020671407,0.8518333333333333,0.8485100024902466,30000.0
294000,70,14,6919,SingleView,Recon,0.8978408565432362,0.8413666666666667,0.8686868686868687,30000.0
294000,70,14,6919,SingleView,Spoofing,0.7848507932302189,0.7899,0.7873673018457296,30000.0
294000,70,14,6919,MultiViewStacking,Benign,0.769207279833883,0.8396666666666667,0.8028941161471282,30000.0
294000,70,14,6919,MultiViewStacking,DDoS,0.9991498911860718,0.9794333333333334,0.9891933746296795,30000.0
294000,70,14,6919,MultiViewStacking,DoS,1.0,0.9982,0.9990991892703434,30000.0
294000,70,14,6919,MultiViewStacking,Mirai,0.855028125925195,0.8664,0.8606765012665772,30000.0
294000,70,14,6919,MultiViewStacking,Recon,0.9125377149296594,0.8367666666666667,0.8730111808586483,30000.0
294000,70,14,6919,MultiViewStacking,Spoofing,0.8195398466155385,0.8192666666666667,0.8194032338723121,30000.0
294000,70,15,2656,SingleView,Benign,0.768744944309626,0.8236333333333333,0.7952431527791188,30000.0
294000,70,15,2656,SingleView,DDoS,0.9968696835658387,0.9766,0.986630745916821,30000.0
294000,70,15,2656,SingleView,DoS,0.9998664485326032,0.9982333333333333,0.9990492235325515,30000.0
294000,70,15,2656,SingleView,Mirai,0.843108214849921,0.8539,0.8484697933227345,30000.0
294000,70,15,2656,SingleView,Recon,0.8982635559816768,0.8432,0.8698612472275236,30000.0
294000,70,15,2656,SingleView,Spoofing,0.7877685840117443,0.7870333333333334,0.7874007870339492,30000.0
294000,70,15,2656,MultiViewStacking,Benign,0.7689345314505777,0.8386,0.8022577250550081,30000.0
294000,70,15,2656,MultiViewStacking,DDoS,0.9992519296813901,0.9795666666666667,0.9893113837970677,30000.0
294000,70,15,2656,MultiViewStacking,DoS,1.0,0.9982333333333333,0.9991158856990342,30000.0
294000,70,15,2656,MultiViewStacking,Mirai,0.8553843107488202,0.8639666666666667,0.8596540687550787,30000.0
294000,70,15,2656,MultiViewStacking,Recon,0.9112529002320185,0.8378666666666666,0.873020283412059,30000.0
294000,70,15,2656,MultiViewStacking,Spoofing,0.8184481209014347,0.8195666666666667,0.8190070118752186,30000.0
336000,80,1,2305,SingleView,Benign,0.7703763457540876,0.8276666666666667,0.7979945686233549,30000.0
336000,80,1,2305,SingleView,DDoS,0.997549103039793,0.9768333333333333,0.9870825403775872,30000.0
336000,80,1,2305,SingleView,DoS,0.9998664529914529,0.9982666666666666,0.9990659194021884,30000.0
336000,80,1,2305,SingleView,Mirai,0.8457187952124161,0.8573333333333333,0.8514864596437793,30000.0
336000,80,1,2305,SingleView,Recon,0.8997511553501599,0.8436666666666667,0.87080681231722,30000.0
336000,80,1,2305,SingleView,Spoofing,0.7928958458759783,0.7902,0.7915456275668636,30000.0
336000,80,1,2305,MultiViewStacking,Benign,0.7755152260842818,0.8404,0.8066549352103664,30000.0
336000,80,1,2305,MultiViewStacking,DDoS,0.9992861270693817,0.9798666666666667,0.9894811249305754,30000.0
336000,80,1,2305,MultiViewStacking,DoS,1.0,0.9982,0.9990991892703434,30000.0
336000,80,1,2305,MultiViewStacking,Mirai,0.8573643410852713,0.8663666666666666,0.8618419961866866,30000.0
336000,80,1,2305,MultiViewStacking,Recon,0.911509209530332,0.8429333333333333,0.875881059176004,30000.0
336000,80,1,2305,MultiViewStacking,Spoofing,0.8238717616149522,0.8257666666666666,0.8248181258219714,30000.0
336000,80,2,8986,SingleView,Benign,0.7707791403443577,0.8296666666666667,0.7991395363770629,30000.0
336000,80,2,8986,SingleView,DDoS,0.9974812797821647,0.9768666666666667,0.9870663523071741,30000.0
336000,80,2,8986,SingleView,DoS,0.9998664485326032,0.9982333333333333,0.9990492235325515,30000.0
336000,80,2,8986,SingleView,Mirai,0.8484798413747522,0.8558333333333333,0.852140723531364,30000.0
336000,80,2,8986,SingleView,Recon,0.9004296722417527,0.8452333333333333,0.8719588727841681,30000.0
336000,80,2,8986,SingleView,Spoofing,0.7926959540659634,0.7915333333333333,0.7921142170925345,30000.0
336000,80,2,8986,MultiViewStacking,Benign,0.7733993176159591,0.8387,0.804727104089041,30000.0
336000,80,2,8986,MultiViewStacking,DDoS,0.9989803548365169,0.9797333333333333,0.9892632358385783,30000.0
336000,80,2,8986,MultiViewStacking,DoS,1.0,0.9982,0.9990991892703434,30000.0
336000,80,2,8986,MultiViewStacking,Mirai,0.8577280084563803,0.8655333333333334,0.8616129942096793,30000.0
336000,80,2,8986,MultiViewStacking,Recon,0.9107877825113727,0.8409,0.8744497209608652,30000.0
336000,80,2,8986,MultiViewStacking,Spoofing,0.8220924057355284,0.8256,0.8238424693986163,30000.0
336000,80,3,2125,SingleView,Benign,0.7701740261348857,0.8290666666666666,0.7985359745721899,30000.0
336000,80,3,2125,SingleView,DDoS,0.9972443355786895,0.9771,0.9870694009495908,30000.0
336000,80,3,2125,SingleView,DoS,0.9998664485326032,0.9982333333333333,0.9990492235325515,30000.0
336000,80,3,2125,SingleView,Mirai,0.8476162137142101,0.8545666666666667,0.8510772499419048,30000.0
336000,80,3,2125,SingleView,Recon,0.8993860240621784,0.8447333333333333,0.8712033965312752,30000.0
336000,80,3,2125,SingleView,Spoofing,0.793139154252121,0.7915,0.7923187293536654,30000.0
336000,80,3,2125,MultiViewStacking,Benign,0.7717905663257518,0.8426666666666667,0.8056728547526093,30000.0
336000,80,3,2125,MultiViewStacking,DDoS,0.9988451086956521,0.9802,0.9894347240915209,30000.0
336000,80,3,2125,MultiViewStacking,DoS,1.0,0.9982,0.9990991892703434,30000.0
336000,80,3,2125,MultiViewStacking,Mirai,0.8582903609678699,0.8655,0.8618801035650269,30000.0
336000,80,3,2125,MultiViewStacking,Recon,0.9168004085205719,0.8378333333333333,0.8755399191862895,30000.0
336000,80,3,2125,MultiViewStacking,Spoofing,0.820873770328906,0.8261,0.8234785931451546,30000.0
336000,80,4,6477,SingleView,Benign,0.7700397071596973,0.8274333333333334,0.7977055080660711,30000.0
336000,80,4,6477,SingleView,DDoS,0.9971077614073293,0.9768,0.986849416558622,30000.0
336000,80,4,6477,SingleView,DoS,0.9998998330550918,0.9982333333333333,0.9990658882402002,30000.0
336000,80,4,6477,SingleView,Mirai,0.8466356773151353,0.8560333333333333,0.8513085707655843,30000.0
336000,80,4,6477,SingleView,Recon,0.8994429265869496,0.8449666666666666,0.8713541756183077,30000.0
336000,80,4,6477,SingleView,Spoofing,0.7938413186666221,0.7914333333333333,0.7926354971707089,30000.0
336000,80,4,6477,MultiViewStacking,Benign,0.7718621871366501,0.8408666666666667,0.8048881656615935,30000.0
336000,80,4,6477,MultiViewStacking,DDoS,0.9986413504976054,0.9800333333333333,0.9892498443835064,30000.0
336000,80,4,6477,MultiViewStacking,DoS,0.9999666076735566,0.9982,0.9990825228952241,30000.0
336000,80,4,6477,MultiViewStacking,Mirai,0.8567617416507477,0.8671,0.8618998707796296,30000.0
336000,80,4,6477,MultiViewStacking,Recon,0.9103289260366755,0.8422666666666667,0.8749761933618436,30000.0
336000,80,4,6477,MultiViewStacking,Spoofing,0.8268759853745262,0.8216666666666667,0.824263095417231,30000.0
336000,80,5,5661,SingleView,Benign,0.7697770335224983,0.8274333333333334,0.7975645412630328,30000.0
336000,80,5,5661,SingleView,DDoS,0.9967010169030371,0.9768666666666667,0.9866841741999562,30000.0
336000,80,5,5661,SingleView,DoS,0.9998664440734557,0.9982,0.9990325271059216,30000.0
336000,80,5,5661,SingleView,Mirai,0.8458170085273105,0.8563333333333333,0.8510426846437977,30000.0
336000,80,5,5661,SingleView,Recon,0.8992913357786404,0.8417666666666667,0.8695786918269314,30000.0
336000,80,5,5661,SingleView,Spoofing,0.7908234822680825,0.7894,0.790111099989991,30000.0
336000,80,5,5661,MultiViewStacking,Benign,0.7760747548263739,0.8388333333333333,0.8062345817447858,30000.0
336000,80,5,5661,MultiViewStacking,DDoS,0.9986762160143919,0.9807333333333333,0.9896234506651419,30000.0
336000,80,5,5661,MultiViewStacking,DoS,0.9999666076735566,0.9982,0.9990825228952241,30000.0
336000,80,5,5661,MultiViewStacking,Mirai,0.8541523115792237,0.8677333333333334,0.8608892636870216,30000.0
336000,80,5,5661,MultiViewStacking,Recon,0.9106821292227905,0.8428666666666667,0.8754630751653222,30000.0
336000,80,5,5661,MultiViewStacking,Spoofing,0.8232129131437356,0.8211,0.8221550990437728,30000.0
336000,80,6,9651,SingleView,Benign,0.7707572286545725,0.8299,0.7992359795833199,30000.0
336000,80,6,9651,SingleView,DDoS,0.997379258704605,0.9768,0.9869823680975396,30000.0
336000,80,6,9651,SingleView,DoS,0.9998998330550918,0.9982333333333333,0.9990658882402002,30000.0
336000,80,6,9651,SingleView,Mirai,0.8457129681478309,0.8558333333333333,0.850743054059875,30000.0
336000,80,6,9651,SingleView,Recon,0.9025260453831883,0.8432,0.8718549665678638,30000.0
336000,80,6,9651,SingleView,Spoofing,0.7912274849899933,0.7907,0.7909636545515172,30000.0
336000,80,6,9651,MultiViewStacking,Benign,0.768206282117554,0.8421333333333333,0.8034728958290267,30000.0
336000,80,6,9651,MultiViewStacking,DDoS,0.9989804934411745,0.9798666666666667,0.9893312691414532,30000.0
336000,80,6,9651,MultiViewStacking,DoS,1.0,0.9982333333333333,0.9991158856990342,30000.0
336000,80,6,9651,MultiViewStacking,Mirai,0.8519703548924222,0.8698333333333333,0.8608091837239605,30000.0
336000,80,6,9651,MultiViewStacking,Recon,0.9131161236424394,0.8379666666666666,0.873928838365403,30000.0
336000,80,6,9651,MultiViewStacking,Spoofing,0.827552400270453,0.8159666666666666,0.8217186975495132,30000.0
336000,80,7,7167,SingleView,Benign,0.772151505743558,0.8290333333333333,0.7995820607619354,30000.0
336000,80,7,7167,SingleView,DDoS,0.9969379422972238,0.9767333333333333,0.9867322198275862,30000.0
336000,80,7,7167,SingleView,DoS,0.9998998330550918,0.9982333333333333,0.9990658882402002,30000.0
336000,80,7,7167,SingleView,Mirai,0.8465315537979898,0.8562666666666666,0.8513712817963377,30000.0
336000,80,7,7167,SingleView,Recon,0.9006490972936545,0.8464,0.8726822813740485,30000.0
336000,80,7,7167,SingleView,Spoofing,0.7939150785690404,0.7915333333333333,0.7927224169587714,30000.0
336000,80,7,7167,MultiViewStacking,Benign,0.775969614624506,0.8376333333333333,0.805623236727366,30000.0
336000,80,7,7167,MultiViewStacking,DDoS,0.9987769246449684,0.9799333333333333,0.9892654036410136,30000.0
336000,80,7,7167,MultiViewStacking,DoS,1.0,0.9982,0.9990991892703434,30000.0
336000,80,7,7167,MultiViewStacking,Mirai,0.855441113560828,0.8665333333333334,0.8609514977893324,30000.0
336000,80,7,7167,MultiViewStacking,Recon,0.9091759625764664,0.8422,0.8744073369094999,30000.0
336000,80,7,7167,MultiViewStacking,Spoofing,0.8208404032338557,0.8224,0.8216194615115641,30000.0
336000,80,8,1989,SingleView,Benign,0.7702757187606613,0.8278666666666666,0.7980335138087817,30000.0
336000,80,8,1989,SingleView,DDoS,0.9974814512286434,0.9769333333333333,0.9871004681553333,30000.0
336000,80,8,1989,SingleView,DoS,0.9998998330550918,0.9982333333333333,0.9990658882402002,30000.0
336000,80,8,1989,SingleView,Mirai,0.8485059299012787,0.8537666666666667,0.8511281693417073,30000.0
336000,80,8,1989,SingleView,Recon,0.8995732574679943,0.8432,0.870474879559532,30000.0
336000,80,8,1989,SingleView,Spoofing,0.7895348451143797,0.7926666666666666,0.7910976563149753,30000.0
336000,80,8,1989,MultiViewStacking,Benign,0.7753245551820901,0.8381,0.8054910378189624,30000.0
336000,80,8,1989,MultiViewStacking,DDoS,0.9987100716249703,0.9807,0.9896231016330581,30000.0
336000,80,8,1989,MultiViewStacking,DoS,1.0,0.9982333333333333,0.9991158856990342,30000.0
336000,80,8,1989,MultiViewStacking,Mirai,0.8575736488053816,0.8626333333333334,0.860096049985875,30000.0
336000,80,8,1989,MultiViewStacking,Recon,0.9098145146767513,0.8420333333333333,0.8746126547217173,30000.0
336000,80,8,1989,MultiViewStacking,Spoofing,0.8185487873473845,0.8246333333333333,0.8215797950948973,30000.0
336000,80,9,8140,SingleView,Benign,0.7695473251028807,0.8290333333333333,0.7981835395304803,30000.0
336000,80,9,8140,SingleView,DDoS,0.9971079582185023,0.9768666666666667,0.9868835345422707,30000.0
336000,80,9,8140,SingleView,DoS,0.9997663083394538,0.9982333333333333,0.9989992327451046,30000.0
336000,80,9,8140,SingleView,Mirai,0.8488329746730674,0.8546333333333334,0.851723278797442,30000.0
336000,80,9,8140,SingleView,Recon,0.9006794493258866,0.8439666666666666,0.8714012837500645,30000.0
336000,80,9,8140,SingleView,Spoofing,0.791039307128581,0.7915666666666666,0.7913028990336555,30000.0
336000,80,9,8140,MultiViewStacking,Benign,0.773876749324822,0.8405333333333334,0.8058289658698709,30000.0
336000,80,9,8140,MultiViewStacking,DDoS,0.9991507575242883,0.9804333333333334,0.9897035566472627,30000.0
336000,80,9,8140,MultiViewStacking,DoS,0.9999666076735566,0.9982,0.9990825228952241,30000.0
336000,80,9,8140,MultiViewStacking,Mirai,0.8602253894597282,0.8651,0.862655808542463,30000.0
336000,80,9,8140,MultiViewStacking,Recon,0.9082151554218594,0.8453666666666667,0.8756646640425385,30000.0
336000,80,9,8140,MultiViewStacking,Spoofing,0.8233623943614925,0.8216333333333333,0.8224969551362263,30000.0
336000,80,10,28,SingleView,Benign,0.773406374501992,0.8282666666666667,0.7998969868658254,30000.0
336000,80,10,28,SingleView,DDoS,0.9970743323694505,0.9769666666666666,0.9869180907483794,30000.0
336000,80,10,28,SingleView,DoS,0.9998998330550918,0.9982333333333333,0.9990658882402002,30000.0
336000,80,10,28,SingleView,Mirai,0.8475291944316158,0.8564,0.8519415061179826,30000.0
336000,80,10,28,SingleView,Recon,0.9010805431150921,0.8450333333333333,0.8721574293872777,30000.0
336000,80,10,28,SingleView,Spoofing,0.7920143621795938,0.7941,0.7930558098503637,30000.0
336000,80,10,28,MultiViewStacking,Benign,0.7741618266187271,0.8397333333333333,0.8056155162213587,30000.0
336000,80,10,28,MultiViewStacking,DDoS,0.9991166677991439,0.9802666666666666,0.9896019113638658,30000.0
336000,80,10,28,MultiViewStacking,DoS,1.0,0.9982,0.9990991892703434,30000.0
336000,80,10,28,MultiViewStacking,Mirai,0.8559649064942775,0.8650666666666667,0.8604917190271723,30000.0
336000,80,10,28,MultiViewStacking,Recon,0.911017255071836,0.8412333333333334,0.8747357110672074,30000.0
336000,80,10,28,MultiViewStacking,Spoofing,0.8220773171867722,0.8236666666666667,0.8228712244829998,30000.0
336000,80,11,4534,SingleView,Benign,0.7705907852365618,0.8295666666666667,0.7989919095929112,30000.0
336000,80,11,4534,SingleView,DDoS,0.997040212288222,0.9769,0.9868673603394282,30000.0
336000,80,11,4534,SingleView,DoS,0.9999332198070052,0.9982333333333333,0.9990825535038116,30000.0
336000,80,11,4534,SingleView,Mirai,0.8482886216466234,0.8558666666666667,0.8520607951151523,30000.0
336000,80,11,4534,SingleView,Recon,0.9002907595206013,0.8463333333333334,0.8724786089825092,30000.0
336000,80,11,4534,SingleView,Spoofing,0.7928473453547891,0.7899666666666667,0.7914043846320816,30000.0
336000,80,11,4534,MultiViewStacking,Benign,0.775227090156337,0.8363666666666667,0.8046371420325177,30000.0
336000,80,11,4534,MultiViewStacking,DDoS,0.9990824752778061,0.98,0.9894492402443333,30000.0
336000,80,11,4534,MultiViewStacking,DoS,1.0,0.9982,0.9990991892703434,30000.0
336000,80,11,4534,MultiViewStacking,Mirai,0.8552181913774973,0.8675333333333334,0.8613317447709823,30000.0
336000,80,11,4534,MultiViewStacking,Recon,0.9065084117479327,0.8477666666666667,0.876154058150751,30000.0
336000,80,11,4534,MultiViewStacking,Spoofing,0.8260840358714271,0.8198333333333333,0.8229468154517926,30000.0
336000,80,12,9243,SingleView,Benign,0.7713223908330753,0.8302,0.7996789211751485,30000.0
336000,80,12,9243,SingleView,DDoS,0.9972099353521606,0.9769333333333333,0.986967502946624,30000.0
336000,80,12,9243,SingleView,DoS,0.9998998330550918,0.9982333333333333,0.9990658882402002,30000.0
336000,80,12,9243,SingleView,Mirai,0.8478821119407917,0.8554,0.8516244648723991,30000.0
336000,80,12,9243,SingleView,Recon,0.9004049158201322,0.845,0.8718230904151048,30000.0
336000,80,12,9243,SingleView,Spoofing,0.7918530884808014,0.7905333333333333,0.7911926605504587,30000.0
336000,80,12,9243,MultiViewStacking,Benign,0.770124355474674,0.8463666666666667,0.8064475146895347,30000.0
336000,80,12,9243,MultiViewStacking,DDoS,0.998776758409786,0.9798,0.9891973750630995,30000.0
336000,80,12,9243,MultiViewStacking,DoS,1.0,0.9982333333333333,0.9991158856990342,30000.0
336000,80,12,9243,MultiViewStacking,Mirai,0.8601958449120021,0.8667333333333334,0.86345221491665,30000.0
336000,80,12,9243,MultiViewStacking,Recon,0.9132606885566376,0.8409,0.8755878728979748,30000.0
336000,80,12,9243,MultiViewStacking,Spoofing,0.8255821756929065,0.8201333333333334,0.8228487341560483,30000.0
336000,80,13,4857,SingleView,Benign,0.7709604484777155,0.8297333333333333,0.7992679050203092,30000.0
336000,80,13,4857,SingleView,DDoS,0.9973111875021272,0.9767333333333333,0.9869150064835553,30000.0
336000,80,13,4857,SingleView,DoS,0.9998664485326032,0.9982333333333333,0.9990492235325515,30000.0
336000,80,13,4857,SingleView,Mirai,0.8473269816064576,0.8537666666666667,0.8505346350534635,30000.0
336000,80,13,4857,SingleView,Recon,0.899482159324679,0.8453333333333334,0.8715675155514314,30000.0
336000,80,13,4857,SingleView,Spoofing,0.7911812810841483,0.7901,0.7906402708517487,30000.0
336000,80,13,4857,MultiViewStacking,Benign,0.7716395502037565,0.8394666666666667,0.8041253572169804,30000.0
336000,80,13,4857,MultiViewStacking,DDoS,0.9987091075856914,0.9799666666666667,0.9892491209179467,30000.0
336000,80,13,4857,MultiViewStacking,DoS,0.9999666087885668,0.9982333333333333,0.9990992193234136,30000.0
336000,80,13,4857,MultiViewStacking,Mirai,0.8570204068176573,0.8665333333333334,0.861750617406726,30000.0
336000,80,13,4857,MultiViewStacking,Recon,0.9102665706051873,0.8423,0.8749653739612189,30000.0
336000,80,13,4857,MultiViewStacking,Spoofing,0.8242596620378116,0.8211,0.822676797194623,30000.0
336000,80,14,6919,SingleView,Benign,0.7726792921452965,0.8296,0.8001285966886352,30000.0
336000,80,14,6919,SingleView,DDoS,0.9974475905254561,0.9769666666666666,0.9871009026000269,30000.0
336000,80,14,6919,SingleView,DoS,0.9998998330550918,0.9982333333333333,0.9990658882402002,30000.0
336000,80,14,6919,SingleView,Mirai,0.8486349080584992,0.8568666666666667,0.8527309216964389,30000.0
336000,80,14,6919,SingleView,Recon,0.9011516314779271,0.8451,0.8722262359376612,30000.0
336000,80,14,6919,SingleView,Spoofing,0.793080483500383,0.7939,0.7934900301510887,30000.0
336000,80,14,6919,MultiViewStacking,Benign,0.7713509553751298,0.8423666666666667,0.8052961983365731,30000.0
336000,80,14,6919,MultiViewStacking,DDoS,0.9989805973699412,0.9799666666666667,0.9893822881084993,30000.0
336000,80,14,6919,MultiViewStacking,DoS,1.0,0.9982,0.9990991892703434,30000.0
336000,80,14,6919,MultiViewStacking,Mirai,0.8560568501074203,0.8633333333333333,0.8596796946311509,30000.0
336000,80,14,6919,MultiViewStacking,Recon,0.9123492994460737,0.84,0.8746811058468267,30000.0
336000,80,14,6919,MultiViewStacking,Spoofing,0.8214559642511755,0.8211,0.8212779435544368,30000.0
336000,80,15,2656,SingleView,Benign,0.7712027876298924,0.8262666666666667,0.7977857165845965,30000.0
336000,80,15,2656,SingleView,DDoS,0.9973795262728016,0.9769,0.987033544389061,30000.0
336000,80,15,2656,SingleView,DoS,0.9998664485326032,0.9982333333333333,0.9990492235325515,30000.0
336000,80,15,2656,SingleView,Mirai,0.8479902397203812,0.8572333333333333,0.8525867356241815,30000.0
336000,80,15,2656,SingleView,Recon,0.899793975561239,0.8443666666666667,0.8711996148025863,30000.0
336000,80,15,2656,SingleView,Spoofing,0.7918386366662229,0.793,0.7924188928119379,30000.0
336000,80,15,2656,MultiViewStacking,Benign,0.7733590497183443,0.8420333333333333,0.806236435593004,30000.0
336000,80,15,2656,MultiViewStacking,DDoS,0.9991165777581462,0.9801666666666666,0.9895509077754034,30000.0
336000,80,15,2656,MultiViewStacking,DoS,1.0,0.9982,0.9990991892703434,30000.0
336000,80,15,2656,MultiViewStacking,Mirai,0.8582456371853661,0.8672,0.8626995838376469,30000.0
336000,80,15,2656,MultiViewStacking,Recon,0.9139730395709523,0.8407333333333333,0.875824710049309,30000.0
336000,80,15,2656,MultiViewStacking,Spoofing,0.8251247920133111,0.8265,0.825811823480433,30000.0
378000,90,1,2305,SingleView,Benign,0.7721851439871462,0.8330333333333333,0.8014559681867744,30000.0
378000,90,1,2305,SingleView,DDoS,0.9973118279569892,0.9769666666666666,0.987034417727487,30000.0
378000,90,1,2305,SingleView,DoS,0.9998998330550918,0.9982333333333333,0.9990658882402002,30000.0
378000,90,1,2305,SingleView,Mirai,0.8504790221341262,0.8581333333333333,0.8542890326862452,30000.0
378000,90,1,2305,SingleView,Recon,0.9025040904887245,0.8457666666666667,0.8732147159032247,30000.0
378000,90,1,2305,SingleView,Spoofing,0.7962492478438189,0.7939666666666667,0.7951063190573154,30000.0
378000,90,1,2305,MultiViewStacking,Benign,0.7761933904528764,0.8455333333333334,0.8093809827696234,30000.0
378000,90,1,2305,MultiViewStacking,DDoS,0.9992521839627452,0.9799,0.9894814789882024,30000.0
378000,90,1,2305,MultiViewStacking,DoS,1.0,0.9982,0.9990991892703434,30000.0
378000,90,1,2305,MultiViewStacking,Mirai,0.8603967913379329,0.8688,0.8645779775429984,30000.0
378000,90,1,2305,MultiViewStacking,Recon,0.915746658919233,0.8405333333333334,0.8765294771968855,30000.0
378000,90,1,2305,MultiViewStacking,Spoofing,0.8257983137489212,0.8292666666666667,0.8275288560689219,30000.0
378000,90,2,8986,SingleView,Benign,0.7709362648221344,0.8322,0.8003975378302128,30000.0
378000,90,2,8986,SingleView,DDoS,0.9974475905254561,0.9769666666666666,0.9871009026000269,30000.0
378000,90,2,8986,SingleView,DoS,0.9998664485326032,0.9982333333333333,0.9990492235325515,30000.0
378000,90,2,8986,SingleView,Mirai,0.8494240353830412,0.8578333333333333,0.8536079738627129,30000.0
378000,90,2,8986,SingleView,Recon,0.90174602610149,0.8452666666666667,0.8725933827704272,30000.0
378000,90,2,8986,SingleView,Spoofing,0.7967384388708435,0.7931,0.7949150560446353,30000.0
378000,90,2,8986,MultiViewStacking,Benign,0.7761689569307387,0.8416,0.8075612915607159,30000.0
378000,90,2,8986,MultiViewStacking,DDoS,0.998879038010802,0.9802,0.9894513703124211,30000.0
378000,90,2,8986,MultiViewStacking,DoS,1.0,0.9982,0.9990991892703434,30000.0
378000,90,2,8986,MultiViewStacking,Mirai,0.8571805876526907,0.8654666666666667,0.8613036987891856,30000.0
378000,90,2,8986,MultiViewStacking,Recon,0.9144087110660927,0.8425666666666667,0.8770188921464879,30000.0
378000,90,2,8986,MultiViewStacking,Spoofing,0.8242629257453653,0.8284666666666667,0.8263594500689907,30000.0
378000,90,3,2125,SingleView,Benign,0.7721030705138096,0.834,0.8018588254146303,30000.0
378000,90,3,2125,SingleView,DDoS,0.9971765826444875,0.9771333333333333,0.9870532181760021,30000.0
378000,90,3,2125,SingleView,DoS,0.9999332198070052,0.9982333333333333,0.9990825535038116,30000.0
378000,90,3,2125,SingleView,Mirai,0.8506504253417629,0.8566333333333334,0.853631396256498,30000.0
378000,90,3,2125,SingleView,Recon,0.9037613765642776,0.8473666666666667,0.8746559317368566,30000.0
378000,90,3,2125,SingleView,Spoofing,0.7965897693079238,0.7942,0.7953930896344517,30000.0
378000,90,3,2125,MultiViewStacking,Benign,0.7782268015794669,0.8409,0.8083504229684696,30000.0
378000,90,3,2125,MultiViewStacking,DDoS,0.9988792664289353,0.9804,0.989553368660106,30000.0
378000,90,3,2125,MultiViewStacking,DoS,1.0,0.9982333333333333,0.9991158856990342,30000.0
378000,90,3,2125,MultiViewStacking,Mirai,0.8618198687785804,0.8669333333333333,0.8643690385190601,30000.0
378000,90,3,2125,MultiViewStacking,Recon,0.9135864857060352,0.8436666666666667,0.8772355469291557,30000.0
378000,90,3,2125,MultiViewStacking,Spoofing,0.8223688551633125,0.8308666666666666,0.8265959210744487,30000.0
378000,90,4,6477,SingleView,Benign,0.7709248376121249,0.8308,0.7997433017808439,30000.0
378000,90,4,6477,SingleView,DDoS,0.9971759101735284,0.9769,0.9869338272436438,30000.0
378000,90,4,6477,SingleView,DoS,0.9998998330550918,0.9982333333333333,0.9990658882402002,30000.0
378000,90,4,6477,SingleView,Mirai,0.8495124772764833,0.8567333333333333,0.8531076259231599,30000.0
378000,90,4,6477,SingleView,Recon,0.9013358914232928,0.8456333333333333,0.8725965672617205,30000.0
378000,90,4,6477,SingleView,Spoofing,0.7954158174345952,0.7935333333333333,0.7944734602613092,30000.0
378000,90,4,6477,MultiViewStacking,Benign,0.7747573411967072,0.8407666666666667,0.8064134535456231,30000.0
378000,90,4,6477,MultiViewStacking,DDoS,0.9987771739130434,0.9801333333333333,0.9893674293405115,30000.0
378000,90,4,6477,MultiViewStacking,DoS,1.0,0.9982666666666666,0.9991325815706946,30000.0
378000,90,4,6477,MultiViewStacking,Mirai,0.8617419846822055,0.8663666666666666,0.8640481374977145,30000.0
378000,90,4,6477,MultiViewStacking,Recon,0.910582296736975,0.8418333333333333,0.87485927080627,30000.0
378000,90,4,6477,MultiViewStacking,Spoofing,0.8254973474801061,0.8299,0.8276928191489362,30000.0
378000,90,5,5661,SingleView,Benign,0.770642766946934,0.8340666666666666,0.8011013462677488,30000.0
378000,90,5,5661,SingleView,DDoS,0.9970408163265306,0.9771,0.9869696969696969,30000.0
378000,90,5,5661,SingleView,DoS,0.9999332198070052,0.9982333333333333,0.9990825535038116,30000.0
378000,90,5,5661,SingleView,Mirai,0.8488878621873144,0.8574333333333334,0.8531391993632051,30000.0
378000,90,5,5661,SingleView,Recon,0.9042082738944365,0.8451333333333333,0.8736733287388009,30000.0
378000,90,5,5661,SingleView,Spoofing,0.7957774798927614,0.7915333333333333,0.7936497326203209,30000.0
378000,90,5,5661,MultiViewStacking,Benign,0.7785806929775801,0.8404,0.8083100894488795,30000.0
378000,90,5,5661,MultiViewStacking,DDoS,0.9989130434782608,0.9802666666666666,0.9895020188425303,30000.0
378000,90,5,5661,MultiViewStacking,DoS,0.9999666076735566,0.9982,0.9990825228952241,30000.0
378000,90,5,5661,MultiViewStacking,Mirai,0.8574575101088135,0.8694333333333333,0.863403896125391,30000.0
378000,90,5,5661,MultiViewStacking,Recon,0.9122807017543859,0.8441333333333333,0.8768849876209768,30000.0
378000,90,5,5661,MultiViewStacking,Spoofing,0.8236448940205636,0.8251,0.8243718049056666,30000.0
378000,90,6,9651,SingleView,Benign,0.7715519901265042,0.8335333333333333,0.8013459381509374,30000.0
378000,90,6,9651,SingleView,DDoS,0.9972102201204368,0.9770333333333333,0.9870186722341017,30000.0
378000,90,6,9651,SingleView,DoS,0.9998998330550918,0.9982333333333333,0.9990658882402002,30000.0
378000,90,6,9651,SingleView,Mirai,0.8498495519624376,0.8567333333333333,0.8532775592184985,30000.0
378000,90,6,9651,SingleView,Recon,0.9041647368983576,0.8459666666666666,0.8740980557612495,30000.0
378000,90,6,9651,SingleView,Spoofing,0.7951895774177384,0.7934666666666667,0.794327187786769,30000.0
378000,90,6,9651,MultiViewStacking,Benign,0.7773092431284435,0.8418,0.8082702555649794,30000.0
378000,90,6,9651,MultiViewStacking,DDoS,0.9986759913090711,0.9805666666666667,0.9895384822389667,30000.0
378000,90,6,9651,MultiViewStacking,DoS,1.0,0.9982,0.9990991892703434,30000.0
378000,90,6,9651,MultiViewStacking,Mirai,0.8603805999735694,0.8680666666666667,0.8642065441030066,30000.0
378000,90,6,9651,MultiViewStacking,Recon,0.9147737532050124,0.8443666666666667,0.8781612383214019,30000.0
378000,90,6,9651,MultiViewStacking,Spoofing,0.8248092868988391,0.8289333333333333,0.8268661679135495,30000.0
378000,90,7,7167,SingleView,Benign,0.7730002476473502,0.8323666666666667,0.8015857729840781,30000.0
378000,90,7,7167,SingleView,DDoS,0.997345765134243,0.9769666666666666,0.9870510381059828,30000.0
378000,90,7,7167,SingleView,DoS,0.9999332198070052,0.9982333333333333,0.9990825535038116,30000.0
378000,90,7,7167,SingleView,Mirai,0.8499124516832403,0.8575333333333334,0.8537058852809902,30000.0
378000,90,7,7167,SingleView,Recon,0.9032017075773746,0.8463,0.8738255033557047,30000.0
378000,90,7,7167,SingleView,Spoofing,0.7948700843867783,0.7943666666666667,0.794618295793668,30000.0
378000,90,7,7167,MultiViewStacking,Benign,0.7785397337636144,0.8363333333333334,0.8064023655326465,30000.0
378000,90,7,7167,MultiViewStacking,DDoS,0.9991166978087311,0.9803,0.9896189114158325,30000.0
378000,90,7,7167,MultiViewStacking,DoS,1.0,0.9982,0.9990991892703434,30000.0
378000,90,7,7167,MultiViewStacking,Mirai,0.8577418289864642,0.8660333333333333,0.8618676397412506,30000.0
378000,90,7,7167,MultiViewStacking,Recon,0.9083780880773362,0.8457,0.8759192128430865,30000.0
378000,90,7,7167,MultiViewStacking,Spoofing,0.8236112952406205,0.8283333333333334,0.8259655653792461,30000.0
378000,90,8,1989,SingleView,Benign,0.7722873310863044,0.8325,0.8012640562087938,30000.0
378000,90,8,1989,SingleView,DDoS,0.9971086468467243,0.9771,0.987002929391562,30000.0
378000,90,8,1989,SingleView,DoS,0.9998998330550918,0.9982333333333333,0.9990658882402002,30000.0
378000,90,8,1989,SingleView,Mirai,0.8507714720879412,0.8565,0.8536261253778944,30000.0
378000,90,8,1989,SingleView,Recon,0.9017005834637826,0.8448333333333333,0.8723411578440146,30000.0
378000,90,8,1989,SingleView,Spoofing,0.7940872579408725,0.7941666666666667,0.7941269603186507,30000.0
378000,90,8,1989,MultiViewStacking,Benign,0.7739853809217971,0.8435666666666667,0.807279455157344,30000.0
378000,90,8,1989,MultiViewStacking,DDoS,0.998743931832841,0.9806666666666667,0.989622752577493,30000.0
378000,90,8,1989,MultiViewStacking,DoS,1.0,0.9982,0.9990991892703434,30000.0
378000,90,8,1989,MultiViewStacking,Mirai,0.8608819534174866,0.8661333333333333,0.8634996593722479,30000.0
378000,90,8,1989,MultiViewStacking,Recon,0.9144920698290567,0.8399,0.8756103070213542,30000.0
378000,90,8,1989,MultiViewStacking,Spoofing,0.8249900543694471,0.8295,0.8272388803935908,30000.0
378000,90,9,8140,SingleView,Benign,0.7695546608476503,0.8346333333333333,0.8007739418264388,30000.0
378000,90,9,8140,SingleView,DDoS,0.996938775510204,0.977,0.9868686868686869,30000.0
378000,90,9,8140,SingleView,DoS,0.9997996861750075,0.9982333333333333,0.9990158957850316,30000.0
378000,90,9,8140,SingleView,Mirai,0.8513787039187709,0.8552666666666666,0.853318256647322,30000.0
378000,90,9,8140,SingleView,Recon,0.9032396022666525,0.8448,0.8730429390792125,30000.0
378000,90,9,8140,SingleView,Spoofing,0.7954135187537608,0.7931333333333334,0.7942717895650432,30000.0
378000,90,9,8140,MultiViewStacking,Benign,0.7739289525842354,0.8460333333333333,0.8083764630941954,30000.0
378000,90,9,8140,MultiViewStacking,DDoS,0.998811544991511,0.9805,0.9895710681244744,30000.0
378000,90,9,8140,MultiViewStacking,DoS,1.0,0.9982,0.9990991892703434,30000.0
378000,90,9,8140,MultiViewStacking,Mirai,0.8610356029967513,0.8658,0.8634112289332846,30000.0
378000,90,9,8140,MultiViewStacking,Recon,0.9154322552605846,0.8425333333333334,0.87747131624169,30000.0
378000,90,9,8140,MultiViewStacking,Spoofing,0.8248534896110815,0.8257333333333333,0.8252931769722814,30000.0
378000,90,10,28,SingleView,Benign,0.7731032559868646,0.8318333333333333,0.8013937282229965,30000.0
378000,90,10,28,SingleView,DDoS,0.9974137344313618,0.977,0.9871013370154582,30000.0
378000,90,10,28,SingleView,DoS,0.9998998330550918,0.9982333333333333,0.9990658882402002,30000.0
378000,90,10,28,SingleView,Mirai,0.8495400138490454,0.8588,0.8541449102391964,30000.0
378000,90,10,28,SingleView,Recon,0.9037258248009101,0.8473333333333334,0.8746215249105422,30000.0
378000,90,10,28,SingleView,Spoofing,0.7964918142332108,0.7946333333333333,0.795561488403137,30000.0
378000,90,10,28,MultiViewStacking,Benign,0.7776446737928493,0.8439,0.8094187607903318,30000.0
378000,90,10,28,MultiViewStacking,DDoS,0.9989133018643664,0.9805,0.9896210069473649,30000.0
378000,90,10,28,MultiViewStacking,DoS,1.0,0.9982333333333333,0.9991158856990342,30000.0
378000,90,10,28,MultiViewStacking,Mirai,0.8572229181776224,0.8667666666666667,0.8619683760400437,30000.0
378000,90,10,28,MultiViewStacking,Recon,0.9110830780320779,0.8426,0.8755043726729587,30000.0
378000,90,10,28,MultiViewStacking,Spoofing,0.8266324113309532,0.8258333333333333,0.8262326791282453,30000.0
378000,90,11,4534,SingleView,Benign,0.7712656081393556,0.8338666666666666,0.8013453992151838,30000.0
378000,90,11,4534,SingleView,DDoS,0.9973121937942298,0.9771,0.9871026400862069,30000.0
378000,90,11,4534,SingleView,DoS,0.9998664485326032,0.9982333333333333,0.9990492235325515,30000.0
378000,90,11,4534,SingleView,Mirai,0.8508925909979135,0.8563666666666667,0.8536208529230974,30000.0
378000,90,11,4534,SingleView,Recon,0.9018367854478275,0.8461333333333333,0.8730974942817342,30000.0
378000,90,11,4534,SingleView,Spoofing,0.7958971956361689,0.7927666666666666,0.7943288467319061,30000.0
378000,90,11,4534,MultiViewStacking,Benign,0.7734306125550996,0.8480666666666666,0.809030924556801,30000.0
378000,90,11,4534,MultiViewStacking,DDoS,0.9989470466356442,0.9803333333333333,0.989552665668478,30000.0
378000,90,11,4534,MultiViewStacking,DoS,1.0,0.9982,0.9990991892703434,30000.0
378000,90,11,4534,MultiViewStacking,Mirai,0.8631666389765742,0.8659,0.8645311589982527,30000.0
378000,90,11,4534,MultiViewStacking,Recon,0.9149775589981178,0.8426333333333333,0.8773165822169778,30000.0
378000,90,11,4534,MultiViewStacking,Spoofing,0.8278713118853143,0.8277333333333333,0.8278023168597383,30000.0
378000,90,12,9243,SingleView,Benign,0.7706088776703811,0.8344666666666667,0.8012674839163972,30000.0
378000,90,12,9243,SingleView,DDoS,0.9973118279569892,0.9769666666666666,0.987034417727487,30000.0
378000,90,12,9243,SingleView,DoS,0.9999666087885668,0.9982333333333333,0.9990992193234136,30000.0
378000,90,12,9243,SingleView,Mirai,0.8496002114584021,0.8571333333333333,0.8533501476786247,30000.0
378000,90,12,9243,SingleView,Recon,0.9031327874688502,0.8456333333333333,0.8734377689791702,30000.0
378000,90,12,9243,SingleView,Spoofing,0.7966937160485548,0.7919666666666667,0.7943231587041557,30000.0
378000,90,12,9243,MultiViewStacking,Benign,0.7740850582444125,0.8439333333333333,0.8075015548503357,30000.0
378000,90,12,9243,MultiViewStacking,DDoS,0.9991162774888684,0.9798333333333333,0.9893808586190067,30000.0
378000,90,12,9243,MultiViewStacking,DoS,1.0,0.9982,0.9990991892703434,30000.0
378000,90,12,9243,MultiViewStacking,Mirai,0.8587870593279029,0.8680333333333333,0.8633854417054855,30000.0
378000,90,12,9243,MultiViewStacking,Recon,0.9132701078693984,0.841,0.8756464096067748,30000.0
378000,90,12,9243,MultiViewStacking,Spoofing,0.8255329085632318,0.8249,0.8252163329276223,30000.0
378000,90,13,4857,SingleView,Benign,0.7720576833617615,0.8298333333333333,0.7999036067153988,30000.0
378000,90,13,4857,SingleView,DDoS,0.9971423711515564,0.9770333333333333,0.9869854364845526,30000.0
378000,90,13,4857,SingleView,DoS,0.9998998330550918,0.9982333333333333,0.9990658882402002,30000.0
378000,90,13,4857,SingleView,Mirai,0.8499288527085609,0.8561333333333333,0.853019811023099,30000.0
378000,90,13,4857,SingleView,Recon,0.9024156305506217,0.8467666666666667,0.8737059329320722,30000.0
378000,90,13,4857,SingleView,Spoofing,0.7944808761359475,0.7955666666666666,0.7950234006762046,30000.0
378000,90,13,4857,MultiViewStacking,Benign,0.7758874379253264,0.8437,0.8083740538468909,30000.0
378000,90,13,4857,MultiViewStacking,DDoS,0.9985736118186449,0.9801,0.9892505677517033,30000.0
378000,90,13,4857,MultiViewStacking,DoS,0.9999666076735566,0.9982,0.9990825228952241,30000.0
378000,90,13,4857,MultiViewStacking,Mirai,0.8573405832921404,0.8672,0.8622421078796918,30000.0
378000,90,13,4857,MultiViewStacking,Recon,0.913998699139987,0.8431333333333333,0.8771370114783091,30000.0
378000,90,13,4857,MultiViewStacking,Spoofing,0.8261420896319285,0.8252333333333334,0.8256874614371238,30000.0
378000,90,14,6919,SingleView,Benign,0.7736394135188867,0.8301666666666667,0.8009068690506818,30000.0
378000,90,14,6919,SingleView,DDoS,0.9973120108880572,0.9770333333333333,0.9870685300555649,30000.0
378000,90,14,6919,SingleView,DoS,0.9998664485326032,0.9982333333333333,0.9990492235325515,30000.0
378000,90,14,6919,SingleView,Mirai,0.849311449423731,0.8572666666666666,0.8532705164147907,30000.0
378000,90,14,6919,SingleView,Recon,0.9030236119519925,0.8452,0.8731555295373543,30000.0
378000,90,14,6919,SingleView,Spoofing,0.7914770651343541,0.7943,0.7928860199311228,30000.0
378000,90,14,6919,MultiViewStacking,Benign,0.7765368285028613,0.8413,0.8076221560910051,30000.0
378000,90,14,6919,MultiViewStacking,DDoS,0.9987773815588386,0.9803,0.9894524350239717,30000.0
378000,90,14,6919,MultiViewStacking,DoS,1.0,0.9982333333333333,0.9991158856990342,30000.0
378000,90,14,6919,MultiViewStacking,Mirai,0.8615629244376718,0.8669333333333333,0.864239786000299,30000.0
378000,90,14,6919,MultiViewStacking,Recon,0.9124571840634578,0.8435666666666667,0.8766606044860137,30000.0
378000,90,14,6919,MultiViewStacking,Spoofing,0.821693612509939,0.8267333333333333,0.8242057689751429,30000.0
378000,90,15,2656,SingleView,Benign,0.7722818334056937,0.8301,0.80014780066189,30000.0
378000,90,15,2656,SingleView,DDoS,0.9968709611591048,0.977,0.986835460085519,30000.0
378000,90,15,2656,SingleView,DoS,0.9998998330550918,0.9982333333333333,0.9990658882402002,30000.0
378000,90,15,2656,SingleView,Mirai,0.8493874451012119,0.8574,0.8533749149843239,30000.0
378000,90,15,2656,SingleView,Recon,0.9009936124911284,0.8463333333333334,0.8728085252664146,30000.0
378000,90,15,2656,SingleView,Spoofing,0.7952503423628043,0.7936333333333333,0.7944410150319492,30000.0
378000,90,15,2656,MultiViewStacking,Benign,0.7757521906979594,0.8439666666666666,0.8084230020115585,30000.0
378000,90,15,2656,MultiViewStacking,DDoS,0.9987436332767402,0.9804333333333334,0.9895037846930194,30000.0
378000,90,15,2656,MultiViewStacking,DoS,0.9999666087885668,0.9982333333333333,0.9990992193234136,30000.0
378000,90,15,2656,MultiViewStacking,Mirai,0.8581141291791808,0.8666666666666667,0.8623691935189638,30000.0
378000,90,15,2656,MultiViewStacking,Recon,0.912987012987013,0.8436,0.8769230769230769,30000.0
378000,90,15,2656,MultiViewStacking,Spoofing,0.8279178493905494,0.8264,0.8271582283760114,30000.0
420000,100,1,2305,SingleView,Benign,0.7738853503184714,0.8343,0.8029578775143563,30000.0
420000,100,1,2305,SingleView,DDoS,0.9973125595319091,0.9772333333333333,0.9871708532561115,30000.0
420000,100,1,2305,SingleView,DoS,0.9998998330550918,0.9982333333333333,0.9990658882402002,30000.0
420000,100,1,2305,SingleView,Mirai,0.8531651436895775,0.8589666666666667,0.8560560760082386,30000.0
420000,100,1,2305,SingleView,Recon,0.9048923679060665,0.8477333333333333,0.8753807761810516,30000.0
420000,100,1,2305,SingleView,Spoofing,0.7961870479618705,0.7962666666666667,0.7962268553239005,30000.0
420000,100,1,2305,MultiViewStacking,Benign,0.7789489858635525,0.8449,0.8105852254557083,30000.0
420000,100,1,2305,MultiViewStacking,DDoS,0.9988455792475893,0.9806,0.9896387001278342,30000.0
420000,100,1,2305,MultiViewStacking,DoS,1.0,0.9982,0.9990991892703434,30000.0
420000,100,1,2305,MultiViewStacking,Mirai,0.8609157835660758,0.8692666666666666,0.8650710719676237,30000.0
420000,100,1,2305,MultiViewStacking,Recon,0.9121427545598162,0.8468333333333333,0.8782755998064026,30000.0
420000,100,1,2305,MultiViewStacking,Spoofing,0.830475617500585,0.8282333333333334,0.8293529598291026,30000.0
420000,100,2,8986,SingleView,Benign,0.7737494973242182,0.8337666666666667,0.802637701156802,30000.0
420000,100,2,8986,SingleView,DDoS,0.9971767747202286,0.9772,0.9870873247024361,30000.0
420000,100,2,8986,SingleView,DoS,0.9998664485326032,0.9982333333333333,0.9990492235325515,30000.0
420000,100,2,8986,SingleView,Mirai,0.8520210547224153,0.8579,0.8549504210473865,30000.0
420000,100,2,8986,SingleView,Recon,0.9046907784771863,0.8479666666666666,0.8754107950928268,30000.0
420000,100,2,8986,SingleView,Spoofing,0.7968130146347968,0.7967333333333333,0.796773171991933,30000.0
420000,100,2,8986,MultiViewStacking,Benign,0.7766948633075885,0.8447333333333333,0.8092865810819442,30000.0
420000,100,2,8986,MultiViewStacking,DDoS,0.9986085658046562,0.9808333333333333,0.9896411394746578,30000.0
420000,100,2,8986,MultiViewStacking,DoS,1.0,0.9982333333333333,0.9991158856990342,30000.0
420000,100,2,8986,MultiViewStacking,Mirai,0.860597064159657,0.8696333333333334,0.8650916024206251,30000.0
420000,100,2,8986,MultiViewStacking,Recon,0.9131391866045975,0.8434666666666667,0.8769212108610144,30000.0
420000,100,2,8986,MultiViewStacking,Spoofing,0.8310894330671834,0.8292333333333334,0.8301603457193867,30000.0
420000,100,3,2125,SingleView,Benign,0.7731017247230878,0.8352333333333334,0.8029674256140744,30000.0
420000,100,3,2125,SingleView,DDoS,0.9970412188817848,0.9772333333333333,0.9870379099050569,30000.0
420000,100,3,2125,SingleView,DoS,0.9998998330550918,0.9982333333333333,0.9990658882402002,30000.0
420000,100,3,2125,SingleView,Mirai,0.8513281353244351,0.8589333333333333,0.855113824915378,30000.0
420000,100,3,2125,SingleView,Recon,0.9059637115460022,0.8471666666666666,0.8755792120992886,30000.0
420000,100,3,2125,SingleView,Spoofing,0.797887276860333,0.7956,0.7967419968621691,30000.0
420000,100,3,2125,MultiViewStacking,Benign,0.7806238826212933,0.8441666666666666,0.8111527497517697,30000.0
420000,100,3,2125,MultiViewStacking,DDoS,0.9987780040733197,0.9808,0.98970736629667,30000.0
420000,100,3,2125,MultiViewStacking,DoS,1.0,0.9982,0.9990991892703434,30000.0
420000,100,3,2125,MultiViewStacking,Mirai,0.8593868095034669,0.8717333333333334,0.8655160430904668,30000.0
420000,100,3,2125,MultiViewStacking,Recon,0.9128238435447789,0.8432666666666667,0.8766677062757736,30000.0
420000,100,3,2125,MultiViewStacking,Spoofing,0.8298063785116806,0.83,0.8299031779625711,30000.0
420000,100,4,6477,SingleView,Benign,0.773222946464428,0.8343333333333334,0.80261660066377,30000.0
420000,100,4,6477,SingleView,DDoS,0.9968714931818955,0.9771666666666666,0.9869207332469238,30000.0
420000,100,4,6477,SingleView,DoS,0.9998664485326032,0.9982333333333333,0.9990492235325515,30000.0
420000,100,4,6477,SingleView,Mirai,0.8508311027394997,0.8582333333333333,0.8545161879158991,30000.0
420000,100,4,6477,SingleView,Recon,0.9059250818971657,0.8480666666666666,0.8760415949314786,30000.0
420000,100,4,6477,SingleView,Spoofing,0.7962641181581234,0.7943,0.7952808463771985,30000.0
420000,100,4,6477,MultiViewStacking,Benign,0.7803179689425684,0.8442,0.8110029460740361,30000.0
420000,100,4,6477,MultiViewStacking,DDoS,0.9992186703808132,0.9804666666666667,0.9897538570250853,30000.0
420000,100,4,6477,MultiViewStacking,DoS,1.0,0.9982,0.9990991892703434,30000.0
420000,100,4,6477,MultiViewStacking,Mirai,0.8599330357142857,0.8732333333333333,0.8665321513627944,30000.0
420000,100,4,6477,MultiViewStacking,Recon,0.9143476689555475,0.8433333333333334,0.8774059302930467,30000.0
420000,100,4,6477,MultiViewStacking,Spoofing,0.8294534918573284,0.8302,0.829826578039882,30000.0
420000,100,5,5661,SingleView,Benign,0.7733205788872775,0.8353666666666667,0.8031470828592946,30000.0
420000,100,5,5661,SingleView,DDoS,0.9971765826444875,0.9771333333333333,0.9870532181760021,30000.0
420000,100,5,5661,SingleView,DoS,0.9998998330550918,0.9982333333333333,0.9990658882402002,30000.0
420000,100,5,5661,SingleView,Mirai,0.852275734321249,0.8588666666666667,0.8555585071058573,30000.0
420000,100,5,5661,SingleView,Recon,0.9049445865302643,0.8492,0.8761865456046224,30000.0
420000,100,5,5661,SingleView,Spoofing,0.7995445716964704,0.7958666666666666,0.7977013798402993,30000.0
420000,100,5,5661,MultiViewStacking,Benign,0.779002979389993,0.8454,0.8108445098070559,30000.0
420000,100,5,5661,MultiViewStacking,DDoS,0.998811666044206,0.9806,0.9896220543959093,30000.0
420000,100,5,5661,MultiViewStacking,DoS,1.0,0.9982333333333333,0.9991158856990342,30000.0
420000,100,5,5661,MultiViewStacking,Mirai,0.8582690096896042,0.871,0.8645876416577053,30000.0
420000,100,5,5661,MultiViewStacking,Recon,0.9169907323278211,0.8410333333333333,0.8773711205772408,30000.0
420000,100,5,5661,MultiViewStacking,Spoofing,0.825848485855799,0.8281333333333334,0.8269893314248623,30000.0
420000,100,6,9651,SingleView,Benign,0.7739463601532567,0.8349333333333333,0.8032839458662049,30000.0
420000,100,6,9651,SingleView,DDoS,0.9969728920785007,0.9770666666666666,0.9869194121311089,30000.0
420000,100,6,9651,SingleView,DoS,0.9998998297105078,0.9982,0.9990491918130411,30000.0
420000,100,6,9651,SingleView,Mirai,0.8522009458610312,0.8589333333333333,0.8555538954463203,30000.0
420000,100,6,9651,SingleView,Recon,0.9057537563198746,0.8479666666666666,0.8759081362118238,30000.0
420000,100,6,9651,SingleView,Spoofing,0.7984514234222208,0.7974666666666667,0.7979587412237547,30000.0
420000,100,6,9651,MultiViewStacking,Benign,0.7802860218360756,0.8457,0.8116771974726066,30000.0
420000,100,6,9651,MultiViewStacking,DDoS,0.9988119887308645,0.9808666666666667,0.9897579926338272,30000.0
420000,100,6,9651,MultiViewStacking,DoS,1.0,0.9982,0.9990991892703434,30000.0
420000,100,6,9651,MultiViewStacking,Mirai,0.8596445116141538,0.8721666666666666,0.8658603173552625,30000.0
420000,100,6,9651,MultiViewStacking,Recon,0.9148959236773634,0.8439,0.8779650436953808,30000.0
420000,100,6,9651,MultiViewStacking,Spoofing,0.828556174713871,0.8277,0.8281278660641331,30000.0
420000,100,7,7167,SingleView,Benign,0.7731255785251465,0.8352333333333334,0.8029802916199327,30000.0
420000,100,7,7167,SingleView,DDoS,0.9972786338742049,0.9772333333333333,0.9871542333787902,30000.0
420000,100,7,7167,SingleView,DoS,0.9998664485326032,0.9982333333333333,0.9990492235325515,30000.0
420000,100,7,7167,SingleView,Mirai,0.8528183023872679,0.8573666666666667,0.8550864361702127,30000.0
420000,100,7,7167,SingleView,Recon,0.9036452781922831,0.8478,0.8748323186461665,30000.0
420000,100,7,7167,SingleView,Spoofing,0.7971338856226616,0.7954333333333333,0.7962827015483183,30000.0
420000,100,7,7167,MultiViewStacking,Benign,0.7788835471721224,0.8478666666666667,0.8119124758606381,30000.0
420000,100,7,7167,MultiViewStacking,DDoS,0.9989476185626507,0.9808666666666667,0.9898245791075904,30000.0
420000,100,7,7167,MultiViewStacking,DoS,1.0,0.9982,0.9990991892703434,30000.0
420000,100,7,7167,MultiViewStacking,Mirai,0.8621898776050281,0.8688,0.8654823177818363,30000.0
420000,100,7,7167,MultiViewStacking,Recon,0.9159240744765631,0.8428333333333333,0.877859945144603,30000.0
420000,100,7,7167,MultiViewStacking,Spoofing,0.8288931703428116,0.8317666666666667,0.8303274324504193,30000.0
420000,100,8,1989,SingleView,Benign,0.7736548019633872,0.8353666666666667,0.8033272963313193,30000.0
420000,100,8,1989,SingleView,DDoS,0.9971763905426093,0.9770666666666666,0.9870191093526391,30000.0
420000,100,8,1989,SingleView,DoS,0.9999332198070052,0.9982333333333333,0.9990825535038116,30000.0
420000,100,8,1989,SingleView,Mirai,0.8517979423732178,0.8583,0.8550366102707998,30000.0
420000,100,8,1989,SingleView,Recon,0.905134683129915,0.8479,0.8755830163674854,30000.0
420000,100,8,1989,SingleView,Spoofing,0.798369583375096,0.7965333333333333,0.7974504012948224,30000.0
420000,100,8,1989,MultiViewStacking,Benign,0.7756181045811559,0.8459666666666666,0.8092664338897658,30000.0
420000,100,8,1989,MultiViewStacking,DDoS,0.9989137076515717,0.9808666666666667,0.9898079316492314,30000.0
420000,100,8,1989,MultiViewStacking,DoS,1.0,0.9982333333333333,0.9991158856990342,30000.0
420000,100,8,1989,MultiViewStacking,Mirai,0.8611267140261027,0.8687333333333334,0.8649132995934622,30000.0
420000,100,8,1989,MultiViewStacking,Recon,0.9150435442489069,0.8440666666666666,0.878123211901583,30000.0
420000,100,8,1989,MultiViewStacking,Spoofing,0.8285008017103154,0.8267333333333333,0.8276161238654565,30000.0
420000,100,9,8140,SingleView,Benign,0.7740250911562944,0.8349666666666666,0.8033417786472531,30000.0
420000,100,9,8140,SingleView,DDoS,0.9970753273252848,0.9773,0.987088628903291,30000.0
420000,100,9,8140,SingleView,DoS,0.9998664485326032,0.9982333333333333,0.9990492235325515,30000.0
420000,100,9,8140,SingleView,Mirai,0.8530093358935311,0.8588666666666667,0.8559279805999402,30000.0
420000,100,9,8140,SingleView,Recon,0.9051868178747912,0.8487333333333333,0.8760515405391457,30000.0
420000,100,9,8140,SingleView,Spoofing,0.7979096403646442,0.7965,0.7972041970407193,30000.0
420000,100,9,8140,MultiViewStacking,Benign,0.7766646304215028,0.8476,0.8105833598979917,30000.0
420000,100,9,8140,MultiViewStacking,DDoS,0.9989811166961011,0.9804666666666667,0.9896373056994818,30000.0
420000,100,9,8140,MultiViewStacking,DoS,1.0,0.9982,0.9990991892703434,30000.0
420000,100,9,8140,MultiViewStacking,Mirai,0.8633295838020247,0.8698333333333333,0.8665692558031415,30000.0
420000,100,9,8140,MultiViewStacking,Recon,0.9131137530979491,0.8474,0.8790304455317163,30000.0
420000,100,9,8140,MultiViewStacking,Spoofing,0.8320974398550481,0.8266333333333333,0.8293563868033377,30000.0
420000,100,10,28,SingleView,Benign,0.7739800179405487,0.8340666666666666,0.802900736414831,30000.0
420000,100,10,28,SingleView,DDoS,0.9973800612453215,0.9771,0.9871358814615255,30000.0
420000,100,10,28,SingleView,DoS,0.9998664485326032,0.9982333333333333,0.9990492235325515,30000.0
420000,100,10,28,SingleView,Mirai,0.8514956205585854,0.8587333333333333,0.8550991618952783,30000.0
420000,100,10,28,SingleView,Recon,0.9047297537400946,0.8486666666666667,0.8758019297913693,30000.0
420000,100,10,28,SingleView,Spoofing,0.7972873655375159,0.7955333333333333,0.7964093836553542,30000.0
420000,100,10,28,MultiViewStacking,Benign,0.7768521637928394,0.8455,0.8097237075226253,30000.0
420000,100,10,28,MultiViewStacking,DDoS,0.9988796849538294,0.9807666666666667,0.9897403121636168,30000.0
420000,100,10,28,MultiViewStacking,DoS,1.0,0.9982,0.9990991892703434,30000.0
420000,100,10,28,MultiViewStacking,Mirai,0.8590267704074904,0.8685333333333334,0.8637538951137042,30000.0
420000,100,10,28,MultiViewStacking,Recon,0.914616497829233,0.8426666666666667,0.8771686328938237,30000.0
420000,100,10,28,MultiViewStacking,Spoofing,0.8278899082568807,0.8272,0.8275448103376407,30000.0
420000,100,11,4534,SingleView,Benign,0.7738021733761422,0.8355,0.8034683933837672,30000.0
420000,100,11,4534,SingleView,DDoS,0.9973463069438302,0.9771666666666666,0.9871533682420487,30000.0
420000,100,11,4534,SingleView,DoS,0.9998998330550918,0.9982333333333333,0.9990658882402002,30000.0
420000,100,11,4534,SingleView,Mirai,0.8516043665233212,0.8581333333333333,0.8548563838618629,30000.0
420000,100,11,4534,SingleView,Recon,0.9044452347083926,0.8477666666666667,0.8751892635925671,30000.0
420000,100,11,4534,SingleView,Spoofing,0.7975263245863279,0.7952666666666667,0.7963948927647501,30000.0
420000,100,11,4534,MultiViewStacking,Benign,0.778077654419432,0.8456666666666667,0.8104654505957896,30000.0
420000,100,11,4534,MultiViewStacking,DDoS,0.9989133756664064,0.9805666666666667,0.9896549984019917,30000.0
420000,100,11,4534,MultiViewStacking,DoS,1.0,0.9982,0.9990991892703434,30000.0
420000,100,11,4534,MultiViewStacking,Mirai,0.8603538187339098,0.8689,0.864605791236857,30000.0
420000,100,11,4534,MultiViewStacking,Recon,0.9129588932521526,0.8447,0.8775040254860883,30000.0
420000,100,11,4534,MultiViewStacking,Spoofing,0.8300828212663639,0.8285333333333333,0.8293073535299613,30000.0
420000,100,12,9243,SingleView,Benign,0.7725016188214979,0.8351,0.8025820505838446,30000.0
420000,100,12,9243,SingleView,DDoS,0.9972441480675014,0.9770333333333333,0.9870352909482759,30000.0
420000,100,12,9243,SingleView,DoS,0.9998998330550918,0.9982333333333333,0.9990658882402002,30000.0
420000,100,12,9243,SingleView,Mirai,0.8517588769611891,0.8595666666666667,0.8556449605972626,30000.0
420000,100,12,9243,SingleView,Recon,0.9064304555500107,0.8476333333333333,0.8760464395218245,30000.0
420000,100,12,9243,SingleView,Spoofing,0.798481503779517,0.7957666666666666,0.7971217736819259,30000.0
420000,100,12,9243,MultiViewStacking,Benign,0.7796907724528767,0.8438333333333333,0.8104949734263943,30000.0
420000,100,12,9243,MultiViewStacking,DDoS,0.9988796849538294,0.9807666666666667,0.9897403121636168,30000.0
420000,100,12,9243,MultiViewStacking,DoS,0.9999666076735566,0.9982,0.9990825228952241,30000.0
420000,100,12,9243,MultiViewStacking,Mirai,0.8605349074959602,0.8698,0.8651426487409446,30000.0
420000,100,12,9243,MultiViewStacking,Recon,0.9151727627584213,0.8440333333333333,0.8781646667129084,30000.0
420000,100,12,9243,MultiViewStacking,Spoofing,0.8263985665936692,0.8302,0.8282949216801357,30000.0
420000,100,13,4857,SingleView,Benign,0.7734003825507497,0.8356333333333333,0.8033133591822348,30000.0
420000,100,13,4857,SingleView,DDoS,0.9973801503861727,0.9771333333333333,0.9871529356299776,30000.0
420000,100,13,4857,SingleView,DoS,0.9998998330550918,0.9982333333333333,0.9990658882402002,30000.0
420000,100,13,4857,SingleView,Mirai,0.8516180213532543,0.8588,0.855193932252336,30000.0
420000,100,13,4857,SingleView,Recon,0.9060230670653567,0.8484,0.8762652344556909,30000.0
420000,100,13,4857,SingleView,Spoofing,0.7981939799331104,0.7955333333333333,0.7968614357262104,30000.0
420000,100,13,4857,MultiViewStacking,Benign,0.7816268766920994,0.8468666666666667,0.8129399718418021,30000.0
420000,100,13,4857,MultiViewStacking,DDoS,0.9989811858996128,0.9805333333333334,0.9896712983211654,30000.0
420000,100,13,4857,MultiViewStacking,DoS,1.0,0.9982333333333333,0.9991158856990342,30000.0
420000,100,13,4857,MultiViewStacking,Mirai,0.8573534711529011,0.8723,0.8647621565355319,30000.0
420000,100,13,4857,MultiViewStacking,Recon,0.9188561474814922,0.844,0.8798387657238168,30000.0
420000,100,13,4857,MultiViewStacking,Spoofing,0.8280708766320277,0.8287333333333333,0.8284019725443156,30000.0
420000,100,14,6919,SingleView,Benign,0.7732118028734745,0.8341666666666666,0.8025334723001684,30000.0
420000,100,14,6919,SingleView,DDoS,0.9972785412981358,0.9772,0.9871371809549465,30000.0
420000,100,14,6919,SingleView,DoS,0.9998330662393162,0.9982333333333333,0.999032559380838,30000.0
420000,100,14,6919,SingleView,Mirai,0.8522430061248137,0.8580666666666666,0.8551449215181464,30000.0
420000,100,14,6919,SingleView,Recon,0.9051736407628808,0.8479666666666666,0.8756367892055624,30000.0
420000,100,14,6919,SingleView,Spoofing,0.7969510974714791,0.7963666666666667,0.7966587748841242,30000.0
420000,100,14,6919,MultiViewStacking,Benign,0.7777709792884021,0.8474333333333334,0.8111091613891237,30000.0
420000,100,14,6919,MultiViewStacking,DDoS,0.9988117870722434,0.9807,0.9896730355220668,30000.0
420000,100,14,6919,MultiViewStacking,DoS,0.9999666076735566,0.9982,0.9990825228952241,30000.0
420000,100,14,6919,MultiViewStacking,Mirai,0.8596138639957828,0.8697,0.8646275185577943,30000.0
420000,100,14,6919,MultiViewStacking,Recon,0.916974972796518,0.8427,0.8782699322563835,30000.0
420000,100,14,6919,MultiViewStacking,Spoofing,0.82953181272509,0.8292,0.829365873174635,30000.0
420000,100,15,2656,SingleView,Benign,0.7732400443841696,0.8362333333333334,0.8035039395298187,30000.0
420000,100,15,2656,SingleView,DDoS,0.9971425655679151,0.9771,0.9870195464417395,30000.0
420000,100,15,2656,SingleView,DoS,0.9997996861750075,0.9982333333333333,0.9990158957850316,30000.0
420000,100,15,2656,SingleView,Mirai,0.8528652726310217,0.8592333333333333,0.8560374601487779,30000.0
420000,100,15,2656,SingleView,Recon,0.9069949755906354,0.8484333333333334,0.8767373370304669,30000.0
420000,100,15,2656,SingleView,Spoofing,0.7978542063571643,0.7957,0.7967756471236169,30000.0
420000,100,15,2656,MultiViewStacking,Benign,0.7775192849271458,0.8466666666666667,0.8106210506159444,30000.0
420000,100,15,2656,MultiViewStacking,DDoS,0.9984051036682615,0.9807333333333333,0.9894903226891322,30000.0
420000,100,15,2656,MultiViewStacking,DoS,1.0,0.9982333333333333,0.9991158856990342,30000.0
420000,100,15,2656,MultiViewStacking,Mirai,0.8634951071145199,0.8706333333333334,0.8670495286150578,30000.0
420000,100,15,2656,MultiViewStacking,Recon,0.914918288219734,0.8416333333333333,0.8767470527978888,30000.0
420000,100,15,2656,MultiViewStacking,Spoofing,0.8289381796415151,0.8309,0.8299179304489687,30000.0
